[2024-08-19 09:41:21.345792] INFO: hello world专用: 有人访问你的网站了
[2024-08-19 09:47:21.921433] INFO: hello world专用: 有人访问你的网站了
[2024-08-19 09:47:22.286159] INFO: hello world专用: 有人访问你的网站了
[2024-08-19 09:47:22.486034] INFO: hello world专用: 有人访问你的网站了
[2024-08-19 09:47:22.675744] INFO: hello world专用: 有人访问你的网站了
[2024-08-19 09:47:22.794617] INFO: hello world专用: 有人访问你的网站了
[2024-08-19 09:47:22.998142] INFO: hello world专用: 有人访问你的网站了
[2024-08-19 09:49:06.733924] INFO: hello world专用: 有人访问你的网站了
[2024-08-19 09:49:06.949776] INFO: hello world专用: 有人访问你的网站了
[2024-08-19 09:49:07.088544] INFO: hello world专用: 有人访问你的网站了
[2024-08-19 09:49:07.342040] INFO: hello world专用: 有人访问你的网站了
[2024-08-19 09:49:07.462770] INFO: hello world专用: 有人访问你的网站了
[2024-08-19 17:49:23.966609] INFO: hello world专用: 有人访问你的网站了
[2024-08-19 17:49:24.164300] INFO: hello world专用: 有人访问你的网站了
[2024-08-19 17:49:24.414381] INFO: hello world专用: 有人访问你的网站了
[2024-08-19 17:49:24.615182] INFO: hello world专用: 有人访问你的网站了
[2024-08-19 17:49:24.836214] INFO: hello world专用: 有人访问你的网站了
[2024-08-19 17:49:24.981981] INFO: hello world专用: 有人访问你的网站了
[2024-08-19 17:58:17.904588] INFO: hello world专用: 有人访问你的网站了
[2024-08-19 17:58:19.707691] INFO: hello world专用: 有人访问你的网站了
[2024-08-19 18:04:22.177943] INFO: hello world专用: 有人访问你的网站了
[2024-08-19 19:02:11.314213] INFO: hello world专用: 有人访问你的网站了
[2024-08-19 19:02:13.074789] INFO: hello world专用: 有人访问你的网站了
[2024-08-19 20:07:19.000267] INFO: UserDao: 有人访问你的网站了
[2024-08-19 20:07:19.355921] INFO: UserDao: 有人访问你的网站了
[2024-08-19 20:07:19.602647] INFO: UserDao: 有人访问你的网站了
[2024-08-19 20:07:19.803450] INFO: UserDao: 有人访问你的网站了
[2024-08-19 20:07:20.094559] INFO: UserDao: 有人访问你的网站了
[2024-08-19 20:07:20.315951] INFO: UserDao: 有人访问你的网站了
[2024-08-19 20:07:40.735924] INFO: UserDao: 有人访问你的网站了
[2024-08-19 20:22:17.383449] ERROR: UserDao: 用户注册失败: 用户名或邮箱已存在
[2024-08-19 20:22:34.524000] ERROR: UserDao: 用户注册失败: 用户名或邮箱已存在
[2024-08-19 20:22:45.420494] ERROR: UserDao: 用户注册失败: 用户名或邮箱已存在
[2024-08-19 20:27:56.224145] ERROR: UserDao: 用户注册失败: Unicode-objects must be encoded before hashing
[2024-08-19 20:31:11.662985] ERROR: UserDao: 用户注册失败: (mysql.connector.errors.DataError) 1406 (22001): Data too long for column 'name' at row 1
[SQL: INSERT INTO user (username, name, password, email, `role`, created_at, updated_at, deleted_at, last_login_at) VALUES (%(username)s, %(name)s, %(password)s, %(email)s, %(role)s, %(created_at)s, %(updated_at)s, %(deleted_at)s, %(last_login_at)s)]
[parameters: {'username': '311123', 'name': 'zhan122122121221zhan', 'password': 'dc92c34a5ff7473b166c1bad26fd9b7c', 'email': '12zhan111310@164.com', 'role': 0, 'created_at': datetime.datetime(2024, 8, 19, 20, 31, 11, 656864), 'updated_at': datetime.datetime(2024, 8, 19, 20, 31, 11, 656872), 'deleted_at': None, 'last_login_at': None}]
(Background on this error at: https://sqlalche.me/e/20/9h9h)
[2024-08-19 20:31:31.695045] ERROR: UserDao: 用户注册失败: (mysql.connector.errors.DataError) 1406 (22001): Data too long for column 'name' at row 1
[SQL: INSERT INTO user (username, name, password, email, `role`, created_at, updated_at, deleted_at, last_login_at) VALUES (%(username)s, %(name)s, %(password)s, %(email)s, %(role)s, %(created_at)s, %(updated_at)s, %(deleted_at)s, %(last_login_at)s)]
[parameters: {'username': '311', 'name': 'zhan122122121221zhan', 'password': '92152227466766749d9d9da31c41ac1c', 'email': '12zhan111310@164.com', 'role': 0, 'created_at': datetime.datetime(2024, 8, 19, 20, 31, 31, 693796), 'updated_at': datetime.datetime(2024, 8, 19, 20, 31, 31, 693804), 'deleted_at': None, 'last_login_at': None}]
(Background on this error at: https://sqlalche.me/e/20/9h9h)
[2024-08-19 20:31:42.124504] ERROR: UserDao: 用户注册失败: (mysql.connector.errors.DataError) 1406 (22001): Data too long for column 'name' at row 1
[SQL: INSERT INTO user (username, name, password, email, `role`, created_at, updated_at, deleted_at, last_login_at) VALUES (%(username)s, %(name)s, %(password)s, %(email)s, %(role)s, %(created_at)s, %(updated_at)s, %(deleted_at)s, %(last_login_at)s)]
[parameters: {'username': '311', 'name': 'zhan122122121221zhan', 'password': '92152227466766749d9d9da31c41ac1c', 'email': '12zhan10@164.com', 'role': 0, 'created_at': datetime.datetime(2024, 8, 19, 20, 31, 42, 123402), 'updated_at': datetime.datetime(2024, 8, 19, 20, 31, 42, 123410), 'deleted_at': None, 'last_login_at': None}]
(Background on this error at: https://sqlalche.me/e/20/9h9h)
[2024-08-20 02:42:07.762287] INFO: UserDao: 有人访问你的网站了
[2024-08-20 02:42:07.985661] INFO: UserDao: 有人访问你的网站了
[2024-08-20 02:42:08.220734] INFO: UserDao: 有人访问你的网站了
[2024-08-20 02:42:08.388335] INFO: UserDao: 有人访问你的网站了
[2024-08-20 15:42:14.418832] ERROR: UserDao: 用户注册失败: 用户名或邮箱已存在
[2024-08-20 15:48:15.253659] ERROR: UserDao: 用户注册失败: 用户名或邮箱已存在
[2024-08-21 13:43:53.027508] INFO: UserDao: 有人访问你的网站了
[2024-08-24 03:03:01.693215] ERROR: UserDao: 获取用户: 0项目列表失败, list_project_by_user() missing 1 required positional argument: 'user_id'
[2024-08-24 03:06:20.416600] ERROR: UserDao: 获取用户: 0项目列表失败, list_project_by_user() missing 1 required positional argument: 'user_id'
[2024-08-24 03:10:44.165281] ERROR: UserDao: 获取用户: 0项目列表失败, list_project_by_user() missing 1 required positional argument: 'user_id'
[2024-08-24 03:13:19.714729] ERROR: UserDao: 获取用户: 0项目列表失败, list_project_by_user() missing 1 required positional argument: 'user_id'
[2024-08-24 03:13:20.561534] ERROR: UserDao: 获取用户: 0项目列表失败, list_project_by_user() missing 1 required positional argument: 'user_id'
[2024-08-24 03:13:21.623940] ERROR: UserDao: 获取用户: 0项目列表失败, list_project_by_user() missing 1 required positional argument: 'user_id'
[2024-08-24 03:13:22.545014] ERROR: UserDao: 获取用户: 0项目列表失败, list_project_by_user() missing 1 required positional argument: 'user_id'
[2024-08-24 03:25:39.254617] ERROR: UserDao: 获取用户: 0项目列表失败, list_project_by_user() missing 1 required positional argument: 'user_id'
[2024-08-24 03:33:36.898601] ERROR: UserDao: 获取用户: 13项目列表失败, list_project_by_user() missing 1 required positional argument: 'user_id'
[2024-08-24 03:38:55.452640] ERROR: UserDao: 获取用户: 13项目列表失败, list_project_by_user() missing 1 required positional argument: 'user_id'
[2024-08-24 03:39:14.646373] ERROR: UserDao: 查询用户：13项目失败，Entity namespace for "project_role" has no property "user_id"
[2024-08-24 03:39:14.646768] ERROR: UserDao: 获取用户: 13项目列表失败, exceptions must derive from BaseException
[2024-08-24 03:40:48.386173] ERROR: UserDao: 查询用户：13项目失败，Entity namespace for "project_role" has no property "user_id"
[2024-08-24 03:41:14.565678] ERROR: UserDao: 获取用户: 13项目列表失败, exceptions must derive from BaseException
[2024-08-24 03:59:56.544307] ERROR: UserDao: 查询用户：13项目失败，Entity namespace for "project_role" has no property "user_id"
[2024-08-24 03:59:56.544550] ERROR: UserDao: 获取用户: 13项目列表失败, exceptions must derive from BaseException
[2024-08-24 03:59:58.369456] ERROR: UserDao: 查询用户：13项目失败，Entity namespace for "project_role" has no property "user_id"
[2024-08-24 03:59:58.369586] ERROR: UserDao: 获取用户: 13项目列表失败, exceptions must derive from BaseException
[2024-08-24 03:59:59.606742] ERROR: UserDao: 查询用户：13项目失败，Entity namespace for "project_role" has no property "user_id"
[2024-08-24 03:59:59.606881] ERROR: UserDao: 获取用户: 13项目列表失败, exceptions must derive from BaseException
[2024-08-24 04:00:33.374247] ERROR: UserDao: 查询用户：13项目失败，Entity namespace for "project_role" has no property "user_id"
[2024-08-24 04:00:33.374538] ERROR: UserDao: 获取用户: 13项目列表失败, exceptions must derive from BaseException
[2024-08-24 04:26:13.096638] ERROR: UserDao: 查询用户：13项目失败，Entity namespace for "project_role" has no property "user_id"
[2024-08-24 04:26:13.099051] ERROR: UserDao: 获取用户: 13项目列表失败, exceptions must derive from BaseException
[2024-08-24 05:24:06.035199] ERROR: UserDao: 查询用户：13项目失败，Entity namespace for "project_role" has no property "user_id"
[2024-08-24 05:24:06.036610] ERROR: UserDao: 获取用户: 13项目列表失败, exceptions must derive from BaseException
[2024-08-24 05:38:41.345398] ERROR: UserDao: 查询用户：13项目失败，Entity namespace for "project_role" has no property "user_id"
[2024-08-24 05:39:34.441903] ERROR: UserDao: 获取用户: 13项目列表失败, exceptions must derive from BaseException
[2024-08-24 06:12:28.020212] ERROR: UserDao: 查询用户：13项目失败，Entity namespace for "project_role" has no property "user_id"
[2024-08-24 06:15:57.116711] ERROR: UserDao: 查询用户：13项目失败，(mysql.connector.errors.ProgrammingError) 1054 (42S22): Unknown column 'project_role.user_id' in 'field list'
[SQL: SELECT project_role.id AS project_role_id, project_role.user_id AS project_role_user_id, project_role.project_id AS project_role_project_id, project_role.project_role AS project_role_project_role, project_role.created_at AS project_role_created_at, project_role.updated_at AS project_role_updated_at, project_role.deleted_at AS project_role_deleted_at, project_role.create_user AS project_role_create_user, project_role.update_user AS project_role_update_user 
FROM project_role 
WHERE project_role.user_id = %(user_id_1)s AND project_role.deleted_at IS NULL]
[parameters: {'user_id_1': 13}]
(Background on this error at: https://sqlalche.me/e/20/f405)
[2024-08-24 06:15:57.117012] ERROR: UserDao: 获取用户: 13项目列表失败, exceptions must derive from BaseException
[2024-08-24 06:15:59.420049] ERROR: UserDao: 查询用户：13项目失败，(mysql.connector.errors.ProgrammingError) 1054 (42S22): Unknown column 'project_role.user_id' in 'field list'
[SQL: SELECT project_role.id AS project_role_id, project_role.user_id AS project_role_user_id, project_role.project_id AS project_role_project_id, project_role.project_role AS project_role_project_role, project_role.created_at AS project_role_created_at, project_role.updated_at AS project_role_updated_at, project_role.deleted_at AS project_role_deleted_at, project_role.create_user AS project_role_create_user, project_role.update_user AS project_role_update_user 
FROM project_role 
WHERE project_role.user_id = %(user_id_1)s AND project_role.deleted_at IS NULL]
[parameters: {'user_id_1': 13}]
(Background on this error at: https://sqlalche.me/e/20/f405)
[2024-08-24 06:15:59.420203] ERROR: UserDao: 获取用户: 13项目列表失败, exceptions must derive from BaseException
[2024-08-24 06:17:50.787209] ERROR: UserDao: 查询用户：13项目失败，(mysql.connector.errors.ProgrammingError) 1054 (42S22): Unknown column 'project_role.user_id' in 'field list'
[SQL: SELECT project_role.id AS project_role_id, project_role.user_id AS project_role_user_id, project_role.project_id AS project_role_project_id, project_role.project_role AS project_role_project_role, project_role.created_at AS project_role_created_at, project_role.updated_at AS project_role_updated_at, project_role.deleted_at AS project_role_deleted_at, project_role.create_user AS project_role_create_user, project_role.update_user AS project_role_update_user 
FROM project_role 
WHERE project_role.user_id = %(user_id_1)s AND project_role.deleted_at IS NULL]
[parameters: {'user_id_1': 13}]
(Background on this error at: https://sqlalche.me/e/20/f405)
[2024-08-24 06:17:50.788256] ERROR: UserDao: 获取用户: 13项目列表失败, exceptions must derive from BaseException
[2024-08-24 06:17:51.192463] ERROR: UserDao: 查询用户：13项目失败，(mysql.connector.errors.ProgrammingError) 1054 (42S22): Unknown column 'project_role.user_id' in 'field list'
[SQL: SELECT project_role.id AS project_role_id, project_role.user_id AS project_role_user_id, project_role.project_id AS project_role_project_id, project_role.project_role AS project_role_project_role, project_role.created_at AS project_role_created_at, project_role.updated_at AS project_role_updated_at, project_role.deleted_at AS project_role_deleted_at, project_role.create_user AS project_role_create_user, project_role.update_user AS project_role_update_user 
FROM project_role 
WHERE project_role.user_id = %(user_id_1)s AND project_role.deleted_at IS NULL]
[parameters: {'user_id_1': 13}]
(Background on this error at: https://sqlalche.me/e/20/f405)
[2024-08-24 06:17:51.192703] ERROR: UserDao: 获取用户: 13项目列表失败, exceptions must derive from BaseException
[2024-08-24 06:17:51.922722] ERROR: UserDao: 查询用户：13项目失败，(mysql.connector.errors.ProgrammingError) 1054 (42S22): Unknown column 'project_role.user_id' in 'field list'
[SQL: SELECT project_role.id AS project_role_id, project_role.user_id AS project_role_user_id, project_role.project_id AS project_role_project_id, project_role.project_role AS project_role_project_role, project_role.created_at AS project_role_created_at, project_role.updated_at AS project_role_updated_at, project_role.deleted_at AS project_role_deleted_at, project_role.create_user AS project_role_create_user, project_role.update_user AS project_role_update_user 
FROM project_role 
WHERE project_role.user_id = %(user_id_1)s AND project_role.deleted_at IS NULL]
[parameters: {'user_id_1': 13}]
(Background on this error at: https://sqlalche.me/e/20/f405)
[2024-08-24 06:17:51.922890] ERROR: UserDao: 获取用户: 13项目列表失败, exceptions must derive from BaseException
[2024-08-24 06:18:09.978918] ERROR: UserDao: 查询用户：13项目失败，(mysql.connector.errors.ProgrammingError) 1054 (42S22): Unknown column 'project_role.user_id' in 'field list'
[SQL: SELECT project_role.id AS project_role_id, project_role.user_id AS project_role_user_id, project_role.project_id AS project_role_project_id, project_role.project_role AS project_role_project_role, project_role.created_at AS project_role_created_at, project_role.updated_at AS project_role_updated_at, project_role.deleted_at AS project_role_deleted_at, project_role.create_user AS project_role_create_user, project_role.update_user AS project_role_update_user 
FROM project_role 
WHERE project_role.user_id = %(user_id_1)s AND project_role.deleted_at IS NULL]
[parameters: {'user_id_1': 13}]
(Background on this error at: https://sqlalche.me/e/20/f405)
[2024-08-24 06:18:09.979809] ERROR: UserDao: 获取用户: 13项目列表失败, exceptions must derive from BaseException
[2024-08-24 06:18:11.172910] ERROR: UserDao: 查询用户：13项目失败，(mysql.connector.errors.ProgrammingError) 1054 (42S22): Unknown column 'project_role.user_id' in 'field list'
[SQL: SELECT project_role.id AS project_role_id, project_role.user_id AS project_role_user_id, project_role.project_id AS project_role_project_id, project_role.project_role AS project_role_project_role, project_role.created_at AS project_role_created_at, project_role.updated_at AS project_role_updated_at, project_role.deleted_at AS project_role_deleted_at, project_role.create_user AS project_role_create_user, project_role.update_user AS project_role_update_user 
FROM project_role 
WHERE project_role.user_id = %(user_id_1)s AND project_role.deleted_at IS NULL]
[parameters: {'user_id_1': 13}]
(Background on this error at: https://sqlalche.me/e/20/f405)
[2024-08-24 06:18:11.173289] ERROR: UserDao: 获取用户: 13项目列表失败, exceptions must derive from BaseException
[2024-08-24 06:40:26.812500] ERROR: UserDao: 获取用户: 13项目列表失败, type object 'Project' has no attribute 'create_at'
[2024-08-24 06:40:33.142224] ERROR: UserDao: 获取用户: 13项目列表失败, type object 'Project' has no attribute 'create_at'
[2024-08-24 06:40:34.224195] ERROR: UserDao: 获取用户: 13项目列表失败, type object 'Project' has no attribute 'create_at'
[2024-08-24 06:40:35.075718] ERROR: UserDao: 获取用户: 13项目列表失败, type object 'Project' has no attribute 'create_at'
[2024-08-24 06:40:35.737598] ERROR: UserDao: 获取用户: 13项目列表失败, type object 'Project' has no attribute 'create_at'
[2024-08-24 06:42:07.645059] ERROR: UserDao: 获取用户: 13项目列表失败, type object 'Project' has no attribute 'create_at'
[2024-08-24 06:42:59.479747] ERROR: UserDao: 获取用户: 13项目列表失败, type object 'Project' has no attribute 'create_at'
[2024-08-24 06:43:00.488885] ERROR: UserDao: 获取用户: 13项目列表失败, type object 'Project' has no attribute 'create_at'
[2024-08-24 06:43:02.157125] ERROR: UserDao: 获取用户: 13项目列表失败, type object 'Project' has no attribute 'create_at'
[2024-08-24 06:47:13.092244] ERROR: UserDao: 获取用户: 13项目列表失败, type object 'Project' has no attribute 'create_at'
[2024-08-24 06:47:13.945840] ERROR: UserDao: 获取用户: 13项目列表失败, type object 'Project' has no attribute 'create_at'
[2024-08-24 06:55:04.690923] ERROR: UserDao: 获取用户: 13项目列表失败, type object 'Project' has no attribute 'create_at'
[2024-08-24 07:01:31.081982] ERROR: UserDao: 获取用户: 13项目列表失败, paginate() takes 1 positional argument but 2 positional arguments (and 1 keyword-only argument) were given
[2024-08-24 18:34:08.927302] ERROR: UserDao: 查询用户：13项目失败，'NoneType' object is not iterable
[2024-08-24 18:34:08.931822] ERROR: UserDao: 获取用户: 13项目列表失败, exceptions must derive from BaseException
[2024-08-25 22:25:45.860994] ERROR: UserDao: 新增项目: sss失败, (builtins.TypeError) Not a boolean value: '测试'
[SQL: INSERT INTO project (name, owner, created_at, updated_at, deleted_at, create_user, update_user, private, description) VALUES (%(name)s, %(owner)s, %(created_at)s, %(updated_at)s, %(deleted_at)s, %(create_user)s, %(update_user)s, %(private)s, %(description)s)]
[parameters: [{'private': '测试', 'update_user': 14, 'create_user': 14, 'name': 'sss', 'created_at': datetime.datetime(2024, 8, 25, 22, 25, 45, 858374), 'description': True, 'owner': '14', 'updated_at': datetime.datetime(2024, 8, 25, 22, 25, 45, 858379), 'deleted_at': None}]]
[2024-08-25 22:25:51.086335] ERROR: UserDao: 新增项目: sss失败, (builtins.TypeError) Not a boolean value: '测试'
[SQL: INSERT INTO project (name, owner, created_at, updated_at, deleted_at, create_user, update_user, private, description) VALUES (%(name)s, %(owner)s, %(created_at)s, %(updated_at)s, %(deleted_at)s, %(create_user)s, %(update_user)s, %(private)s, %(description)s)]
[parameters: [{'private': '测试', 'update_user': 14, 'create_user': 14, 'name': 'sss', 'created_at': datetime.datetime(2024, 8, 25, 22, 25, 51, 85085), 'description': True, 'owner': '14', 'updated_at': datetime.datetime(2024, 8, 25, 22, 25, 51, 85093), 'deleted_at': None}]]
[2024-08-25 22:26:01.556613] ERROR: UserDao: 新增项目: 测试孙失败, (builtins.TypeError) Not a boolean value: '测试'
[SQL: INSERT INTO project (name, owner, created_at, updated_at, deleted_at, create_user, update_user, private, description) VALUES (%(name)s, %(owner)s, %(created_at)s, %(updated_at)s, %(deleted_at)s, %(create_user)s, %(update_user)s, %(private)s, %(description)s)]
[parameters: [{'private': '测试', 'update_user': 14, 'create_user': 14, 'name': '测试孙', 'created_at': datetime.datetime(2024, 8, 25, 22, 26, 1, 556084), 'description': True, 'owner': '14', 'updated_at': datetime.datetime(2024, 8, 25, 22, 26, 1, 556090), 'deleted_at': None}]]
[2024-08-25 22:28:04.722398] ERROR: UserDao: 新增项目: 测试孙失败, (builtins.TypeError) Not a boolean value: '测试'
[SQL: INSERT INTO project (name, owner, created_at, updated_at, deleted_at, create_user, update_user, private, description) VALUES (%(name)s, %(owner)s, %(created_at)s, %(updated_at)s, %(deleted_at)s, %(create_user)s, %(update_user)s, %(private)s, %(description)s)]
[parameters: [{'private': '测试', 'update_user': 14, 'create_user': 14, 'name': '测试孙', 'created_at': datetime.datetime(2024, 8, 25, 22, 28, 4, 721720), 'description': True, 'owner': '14', 'updated_at': datetime.datetime(2024, 8, 25, 22, 28, 4, 721727), 'deleted_at': None}]]
[2024-08-25 22:28:10.626309] ERROR: UserDao: 新增项目: 测试孙失败, (builtins.TypeError) Not a boolean value: '测试'
[SQL: INSERT INTO project (name, owner, created_at, updated_at, deleted_at, create_user, update_user, private, description) VALUES (%(name)s, %(owner)s, %(created_at)s, %(updated_at)s, %(deleted_at)s, %(create_user)s, %(update_user)s, %(private)s, %(description)s)]
[parameters: [{'private': '测试', 'update_user': 14, 'create_user': 14, 'name': '测试孙', 'created_at': datetime.datetime(2024, 8, 25, 22, 28, 10, 625594), 'description': True, 'owner': '14', 'updated_at': datetime.datetime(2024, 8, 25, 22, 28, 10, 625601), 'deleted_at': None}]]
[2024-08-25 22:28:14.914540] ERROR: UserDao: 新增项目: 测试孙失败, (builtins.TypeError) Not a boolean value: '测试'
[SQL: INSERT INTO project (name, owner, created_at, updated_at, deleted_at, create_user, update_user, private, description) VALUES (%(name)s, %(owner)s, %(created_at)s, %(updated_at)s, %(deleted_at)s, %(create_user)s, %(update_user)s, %(private)s, %(description)s)]
[parameters: [{'private': '测试', 'update_user': 14, 'create_user': 14, 'name': '测试孙', 'created_at': datetime.datetime(2024, 8, 25, 22, 28, 14, 913523), 'description': True, 'owner': '14', 'updated_at': datetime.datetime(2024, 8, 25, 22, 28, 14, 913529), 'deleted_at': None}]]
[2024-08-25 22:29:50.484431] ERROR: UserDao: 新增项目: 测试孙失败, (builtins.TypeError) Not a boolean value: '测试'
[SQL: INSERT INTO project (name, owner, created_at, updated_at, deleted_at, create_user, update_user, private, description) VALUES (%(name)s, %(owner)s, %(created_at)s, %(updated_at)s, %(deleted_at)s, %(create_user)s, %(update_user)s, %(private)s, %(description)s)]
[parameters: [{'private': '测试', 'update_user': 14, 'create_user': 14, 'name': '测试孙', 'created_at': datetime.datetime(2024, 8, 25, 22, 29, 50, 483711), 'description': True, 'owner': '14', 'updated_at': datetime.datetime(2024, 8, 25, 22, 29, 50, 483717), 'deleted_at': None}]]
[2024-08-25 22:47:35.497731] ERROR: UserDao: 新增项目: 测试孙失败, (builtins.TypeError) Not a boolean value: '测试'
[SQL: INSERT INTO project (name, owner, created_at, updated_at, deleted_at, create_user, update_user, private, description) VALUES (%(name)s, %(owner)s, %(created_at)s, %(updated_at)s, %(deleted_at)s, %(create_user)s, %(update_user)s, %(private)s, %(description)s)]
[parameters: [{'description': True, 'created_at': datetime.datetime(2024, 8, 25, 22, 42, 44, 985415), 'create_user': 14, 'update_user': 14, 'private': '测试', 'updated_at': datetime.datetime(2024, 8, 25, 22, 42, 45, 549714), 'name': '测试孙', 'owner': '14', 'deleted_at': None}]]
[2024-08-25 23:03:26.848097] ERROR: UserDao: 新增项目: 测试李失败, (builtins.TypeError) Not a boolean value: 'de'
[SQL: INSERT INTO project (name, owner, created_at, updated_at, deleted_at, create_user, update_user, private, description) VALUES (%(name)s, %(owner)s, %(created_at)s, %(updated_at)s, %(deleted_at)s, %(create_user)s, %(update_user)s, %(private)s, %(description)s)]
[parameters: [{'created_at': datetime.datetime(2024, 8, 25, 23, 2, 7, 443158), 'private': 'de', 'create_user': 14, 'name': '测试李', 'description': True, 'owner': '13', 'update_user': 14, 'updated_at': datetime.datetime(2024, 8, 25, 23, 2, 7, 693999), 'deleted_at': None}]]
[2024-08-25 23:06:08.607443] ERROR: UserDao: 新增项目: 测试李失败, (builtins.TypeError) Not a boolean value: 'de'
[SQL: INSERT INTO project (name, owner, created_at, updated_at, deleted_at, create_user, update_user, private, description) VALUES (%(name)s, %(owner)s, %(created_at)s, %(updated_at)s, %(deleted_at)s, %(create_user)s, %(update_user)s, %(private)s, %(description)s)]
[parameters: [{'created_at': datetime.datetime(2024, 8, 25, 23, 5, 56, 900932), 'private': 'de', 'create_user': 14, 'name': '测试李', 'description': True, 'owner': '13', 'update_user': 14, 'updated_at': datetime.datetime(2024, 8, 25, 23, 5, 57, 471894), 'deleted_at': None}]]
[2024-08-25 23:07:35.217432] ERROR: UserDao: 新增项目: 测试李失败, (builtins.TypeError) Not a boolean value: 'fed'
[SQL: INSERT INTO project (name, owner, created_at, updated_at, deleted_at, create_user, update_user, private, description) VALUES (%(name)s, %(owner)s, %(created_at)s, %(updated_at)s, %(deleted_at)s, %(create_user)s, %(update_user)s, %(private)s, %(description)s)]
[parameters: [{'created_at': datetime.datetime(2024, 8, 25, 23, 7, 31, 779550), 'description': True, 'owner': '13', 'name': '测试李', 'update_user': 14, 'private': 'fed', 'updated_at': datetime.datetime(2024, 8, 25, 23, 7, 31, 985135), 'create_user': 14, 'deleted_at': None}]]
[2024-08-25 23:08:54.849112] ERROR: UserDao: 新增项目: 测试李失败, (builtins.TypeError) Not a boolean value: 'fed'
[SQL: INSERT INTO project (name, owner, created_at, updated_at, deleted_at, create_user, update_user, private, description) VALUES (%(name)s, %(owner)s, %(created_at)s, %(updated_at)s, %(deleted_at)s, %(create_user)s, %(update_user)s, %(private)s, %(description)s)]
[parameters: [{'create_user': 14, 'updated_at': datetime.datetime(2024, 8, 25, 23, 8, 51, 501401), 'description': True, 'update_user': 14, 'owner': '13', 'private': 'fed', 'name': '测试李', 'created_at': datetime.datetime(2024, 8, 25, 23, 8, 51, 113904), 'deleted_at': None}]]
[2024-08-25 23:09:18.748828] ERROR: UserDao: 新增项目: 测试李失败, (builtins.TypeError) Not a boolean value: 'fed'
[SQL: INSERT INTO project (name, owner, created_at, updated_at, deleted_at, create_user, update_user, private, description) VALUES (%(name)s, %(owner)s, %(created_at)s, %(updated_at)s, %(deleted_at)s, %(create_user)s, %(update_user)s, %(private)s, %(description)s)]
[parameters: [{'create_user': 14, 'updated_at': datetime.datetime(2024, 8, 25, 23, 9, 14, 903683), 'description': True, 'update_user': 14, 'owner': '13', 'private': 'fed', 'name': '测试李', 'created_at': datetime.datetime(2024, 8, 25, 23, 9, 14, 700308), 'deleted_at': None}]]
[2024-08-25 23:16:02.821792] ERROR: UserDao: 新增项目: 悟空失败, (builtins.TypeError) Not a boolean value: '悟空'
[SQL: INSERT INTO project (name, owner, created_at, updated_at, deleted_at, create_user, update_user, private, description) VALUES (%(name)s, %(owner)s, %(created_at)s, %(updated_at)s, %(deleted_at)s, %(create_user)s, %(update_user)s, %(private)s, %(description)s)]
[parameters: [{'created_at': datetime.datetime(2024, 8, 25, 23, 15, 58, 286503), 'owner': '14', 'updated_at': datetime.datetime(2024, 8, 25, 23, 15, 58, 722576), 'description': True, 'update_user': 14, 'create_user': 14, 'private': '悟空', 'name': '悟空', 'deleted_at': None}]]
[2024-08-25 23:16:55.867373] ERROR: UserDao: 新增项目: 悟空失败, (builtins.TypeError) Not a boolean value: '悟空'
[SQL: INSERT INTO project (name, owner, created_at, updated_at, deleted_at, create_user, update_user, private, description) VALUES (%(name)s, %(owner)s, %(created_at)s, %(updated_at)s, %(deleted_at)s, %(create_user)s, %(update_user)s, %(private)s, %(description)s)]
[parameters: [{'owner': '14', 'update_user': 14, 'private': '悟空', 'create_user': 14, 'created_at': datetime.datetime(2024, 8, 25, 23, 16, 52, 520983), 'description': True, 'name': '悟空', 'updated_at': datetime.datetime(2024, 8, 25, 23, 16, 52, 702166), 'deleted_at': None}]]
[2024-08-26 20:42:01.358225] ERROR: UserDao: 查询项目：4角色列表失败,Entity '<class 'app.models.project_role.ProjectRole'>' has no property 'deleted'
[2024-08-26 20:42:21.228287] ERROR: UserDao: 查询项目：2角色列表失败,Entity '<class 'app.models.project_role.ProjectRole'>' has no property 'deleted'
[2024-08-26 20:55:37.862592] ERROR: UserDao: 查询项目: 2失败, Entity '<class 'app.models.project.Project'>' has no property 'delete_at'
[2024-08-26 20:58:10.341416] ERROR: UserDao: 查询项目：2角色列表失败,Entity '<class 'app.models.project_role.ProjectRole'>' has no property 'deleted'
[2024-08-26 20:58:41.092725] ERROR: UserDao: 查询项目：2角色列表失败,Entity '<class 'app.models.project_role.ProjectRole'>' has no property 'deleted'
[2024-08-27 06:39:07.487463] ERROR: UserDao: 添加项目用户失败, name 'user_role' is not defined
[2024-08-27 06:39:11.460749] ERROR: UserDao: 添加项目用户失败, name 'user_role' is not defined
[2024-08-27 06:39:15.165577] ERROR: UserDao: 添加项目用户失败, name 'user_role' is not defined
[2024-08-27 06:39:15.570983] ERROR: UserDao: 添加项目用户失败, name 'user_role' is not defined
[2024-08-29 07:51:15.751509] ERROR: UserDao: 新增项目: 帝国神话2失败, (builtins.TypeError) Not a boolean value: '4'
[SQL: INSERT INTO project (name, owner, created_at, updated_at, deleted_at, create_user, update_user, private, description) VALUES (%(name)s, %(owner)s, %(created_at)s, %(updated_at)s, %(deleted_at)s, %(create_user)s, %(update_user)s, %(private)s, %(description)s)]
[parameters: [{'description': False, 'updated_at': datetime.datetime(2024, 8, 29, 7, 51, 15, 748778), 'owner': '21', 'name': '帝国神话2', 'created_at': datetime.datetime(2024, 8, 29, 7, 51, 15, 748768), 'update_user': 21, 'private': '4', 'create_user': 21, 'deleted_at': None}]]
[2024-08-29 07:51:21.526987] ERROR: UserDao: 新增项目: 帝国神话2失败, (builtins.TypeError) Not a boolean value: '4'
[SQL: INSERT INTO project (name, owner, created_at, updated_at, deleted_at, create_user, update_user, private, description) VALUES (%(name)s, %(owner)s, %(created_at)s, %(updated_at)s, %(deleted_at)s, %(create_user)s, %(update_user)s, %(private)s, %(description)s)]
[parameters: [{'description': True, 'updated_at': datetime.datetime(2024, 8, 29, 7, 51, 21, 526295), 'owner': '21', 'name': '帝国神话2', 'created_at': datetime.datetime(2024, 8, 29, 7, 51, 21, 526288), 'update_user': 21, 'private': '4', 'create_user': 21, 'deleted_at': None}]]
[2024-08-29 07:52:04.937387] ERROR: UserDao: 新增项目: 帝国神话2失败, (builtins.TypeError) Not a boolean value: '4'
[SQL: INSERT INTO project (name, owner, created_at, updated_at, deleted_at, create_user, update_user, private, description) VALUES (%(name)s, %(owner)s, %(created_at)s, %(updated_at)s, %(deleted_at)s, %(create_user)s, %(update_user)s, %(private)s, %(description)s)]
[parameters: [{'description': True, 'updated_at': datetime.datetime(2024, 8, 29, 7, 52, 4, 936635), 'owner': '21', 'name': '帝国神话2', 'created_at': datetime.datetime(2024, 8, 29, 7, 52, 4, 936629), 'update_user': 21, 'private': '4', 'create_user': 21, 'deleted_at': None}]]
[2024-08-29 07:52:36.421085] ERROR: UserDao: 新增项目: 帝国失败, (builtins.TypeError) Not a boolean value: '4'
[SQL: INSERT INTO project (name, owner, created_at, updated_at, deleted_at, create_user, update_user, private, description) VALUES (%(name)s, %(owner)s, %(created_at)s, %(updated_at)s, %(deleted_at)s, %(create_user)s, %(update_user)s, %(private)s, %(description)s)]
[parameters: [{'description': True, 'updated_at': datetime.datetime(2024, 8, 29, 7, 52, 36, 420412), 'owner': '21', 'name': '帝国', 'created_at': datetime.datetime(2024, 8, 29, 7, 52, 36, 420406), 'update_user': 21, 'private': '4', 'create_user': 21, 'deleted_at': None}]]
[2024-09-02 19:30:00.565608] ERROR: UserDao: 获取测试用例失败: (mysql.connector.errors.ProgrammingError) 1054 (42S22): Unknown column 'test_case.params' in 'field list'
[SQL: SELECT test_case.id AS test_case_id, test_case.name AS test_case_name, test_case.request_type AS test_case_request_type, test_case.url AS test_case_url, test_case.request_method AS test_case_request_method, test_case.request_header AS test_case_request_header, test_case.params AS test_case_params, test_case.body AS test_case_body, test_case.project_id AS test_case_project_id, test_case.tag AS test_case_tag, test_case.status AS test_case_status, test_case.priority AS test_case_priority, test_case.catalogue AS test_case_catalogue, test_case.expected AS test_case_expected, test_case.created_at AS test_case_created_at, test_case.updated_at AS test_case_updated_at, test_case.deleted_at AS test_case_deleted_at, test_case.create_user AS test_case_create_user, test_case.update_user AS test_case_update_user 
FROM test_case 
WHERE test_case.project_id = %(project_id_1)s AND test_case.deleted_at IS NULL ORDER BY test_case.name ASC]
[parameters: {'project_id_1': '25'}]
(Background on this error at: http://sqlalche.me/e/f405)
[2024-09-02 19:32:09.875207] ERROR: UserDao: 获取测试用例失败: (mysql.connector.errors.ProgrammingError) 1054 (42S22): Unknown column 'test_case.params' in 'field list'
[SQL: SELECT test_case.id AS test_case_id, test_case.name AS test_case_name, test_case.request_type AS test_case_request_type, test_case.url AS test_case_url, test_case.request_method AS test_case_request_method, test_case.request_header AS test_case_request_header, test_case.params AS test_case_params, test_case.body AS test_case_body, test_case.project_id AS test_case_project_id, test_case.tag AS test_case_tag, test_case.status AS test_case_status, test_case.priority AS test_case_priority, test_case.catalogue AS test_case_catalogue, test_case.expected AS test_case_expected, test_case.created_at AS test_case_created_at, test_case.updated_at AS test_case_updated_at, test_case.deleted_at AS test_case_deleted_at, test_case.create_user AS test_case_create_user, test_case.update_user AS test_case_update_user 
FROM test_case 
WHERE test_case.project_id = %(project_id_1)s AND test_case.deleted_at IS NULL ORDER BY test_case.name ASC]
[parameters: {'project_id_1': '25'}]
(Background on this error at: http://sqlalche.me/e/f405)
[2024-09-02 19:33:43.532568] ERROR: UserDao: 获取测试用例失败: (mysql.connector.errors.ProgrammingError) 1054 (42S22): Unknown column 'test_case.params' in 'field list'
[SQL: SELECT test_case.id AS test_case_id, test_case.name AS test_case_name, test_case.request_type AS test_case_request_type, test_case.url AS test_case_url, test_case.request_method AS test_case_request_method, test_case.request_header AS test_case_request_header, test_case.params AS test_case_params, test_case.body AS test_case_body, test_case.project_id AS test_case_project_id, test_case.tag AS test_case_tag, test_case.status AS test_case_status, test_case.priority AS test_case_priority, test_case.catalogue AS test_case_catalogue, test_case.expected AS test_case_expected, test_case.created_at AS test_case_created_at, test_case.updated_at AS test_case_updated_at, test_case.deleted_at AS test_case_deleted_at, test_case.create_user AS test_case_create_user, test_case.update_user AS test_case_update_user 
FROM test_case 
WHERE test_case.project_id = %(project_id_1)s AND test_case.deleted_at IS NULL ORDER BY test_case.name ASC]
[parameters: {'project_id_1': '25'}]
(Background on this error at: http://sqlalche.me/e/f405)
[2024-09-02 19:33:53.872844] ERROR: UserDao: 获取测试用例失败: (mysql.connector.errors.ProgrammingError) 1054 (42S22): Unknown column 'test_case.params' in 'field list'
[SQL: SELECT test_case.id AS test_case_id, test_case.name AS test_case_name, test_case.request_type AS test_case_request_type, test_case.url AS test_case_url, test_case.request_method AS test_case_request_method, test_case.request_header AS test_case_request_header, test_case.params AS test_case_params, test_case.body AS test_case_body, test_case.project_id AS test_case_project_id, test_case.tag AS test_case_tag, test_case.status AS test_case_status, test_case.priority AS test_case_priority, test_case.catalogue AS test_case_catalogue, test_case.expected AS test_case_expected, test_case.created_at AS test_case_created_at, test_case.updated_at AS test_case_updated_at, test_case.deleted_at AS test_case_deleted_at, test_case.create_user AS test_case_create_user, test_case.update_user AS test_case_update_user 
FROM test_case 
WHERE test_case.project_id = %(project_id_1)s AND test_case.deleted_at IS NULL ORDER BY test_case.name ASC]
[parameters: {'project_id_1': '23'}]
(Background on this error at: http://sqlalche.me/e/f405)
[2024-09-02 19:34:09.397944] ERROR: UserDao: 获取测试用例失败: (mysql.connector.errors.ProgrammingError) 1054 (42S22): Unknown column 'test_case.params' in 'field list'
[SQL: SELECT test_case.id AS test_case_id, test_case.name AS test_case_name, test_case.request_type AS test_case_request_type, test_case.url AS test_case_url, test_case.request_method AS test_case_request_method, test_case.request_header AS test_case_request_header, test_case.params AS test_case_params, test_case.body AS test_case_body, test_case.project_id AS test_case_project_id, test_case.tag AS test_case_tag, test_case.status AS test_case_status, test_case.priority AS test_case_priority, test_case.catalogue AS test_case_catalogue, test_case.expected AS test_case_expected, test_case.created_at AS test_case_created_at, test_case.updated_at AS test_case_updated_at, test_case.deleted_at AS test_case_deleted_at, test_case.create_user AS test_case_create_user, test_case.update_user AS test_case_update_user 
FROM test_case 
WHERE test_case.project_id = %(project_id_1)s AND test_case.deleted_at IS NULL ORDER BY test_case.name ASC]
[parameters: {'project_id_1': '23'}]
(Background on this error at: http://sqlalche.me/e/f405)
[2024-09-02 19:34:20.336840] ERROR: UserDao: 获取测试用例失败: (mysql.connector.errors.ProgrammingError) 1054 (42S22): Unknown column 'test_case.params' in 'field list'
[SQL: SELECT test_case.id AS test_case_id, test_case.name AS test_case_name, test_case.request_type AS test_case_request_type, test_case.url AS test_case_url, test_case.request_method AS test_case_request_method, test_case.request_header AS test_case_request_header, test_case.params AS test_case_params, test_case.body AS test_case_body, test_case.project_id AS test_case_project_id, test_case.tag AS test_case_tag, test_case.status AS test_case_status, test_case.priority AS test_case_priority, test_case.catalogue AS test_case_catalogue, test_case.expected AS test_case_expected, test_case.created_at AS test_case_created_at, test_case.updated_at AS test_case_updated_at, test_case.deleted_at AS test_case_deleted_at, test_case.create_user AS test_case_create_user, test_case.update_user AS test_case_update_user 
FROM test_case 
WHERE test_case.project_id = %(project_id_1)s AND test_case.deleted_at IS NULL ORDER BY test_case.name ASC]
[parameters: {'project_id_1': '23'}]
(Background on this error at: http://sqlalche.me/e/f405)
[2024-09-04 00:34:37.236592] ERROR: TestCaseDao: 执行用例失败: the JSON object must be str, bytes or bytearray, not NoneType
[2024-09-04 00:34:45.483355] ERROR: TestCaseDao: 执行用例失败: the JSON object must be str, bytes or bytearray, not NoneType
[2024-09-04 00:34:46.481150] ERROR: TestCaseDao: 执行用例失败: the JSON object must be str, bytes or bytearray, not NoneType
[2024-09-04 01:08:43.819829] ERROR: TestCaseDao: 添加用例失败：(mysql.connector.errors.DatabaseError) 1364 (HY000): Field 'expected' doesn't have a default value
[SQL: INSERT INTO test_case (name, request_type, url, request_method, request_header, body, project_id, tag, status, priority, catalogue, created_at, updated_at, deleted_at, create_user, update_user) VALUES (%(name)s, %(request_type)s, %(url)s, %(request_method)s, %(request_header)s, %(body)s, %(project_id)s, %(tag)s, %(status)s, %(priority)s, %(catalogue)s, %(created_at)s, %(updated_at)s, %(deleted_at)s, %(create_user)s, %(update_user)s)]
[parameters: {'name': '登陆auth/login', 'request_type': 1, 'url': 'http://127.0.0.1:7777/auth/login', 'request_method': 'POST', 'request_header': '{}', 'body': '{\n    "username":"313",\n    "password":"23"\n}', 'project_id': 24, 'tag': '登陆', 'status': 1, 'priority': 'P0', 'catalogue': 'pity', 'created_at': datetime.datetime(2024, 9, 4, 1, 8, 43, 813998), 'updated_at': datetime.datetime(2024, 9, 4, 1, 8, 43, 814004), 'deleted_at': None, 'create_user': 20, 'update_user': 20}]
(Background on this error at: http://sqlalche.me/e/4xp6)
[2024-09-04 01:09:40.084588] ERROR: TestCaseDao: 添加用例失败：(mysql.connector.errors.DatabaseError) 1364 (HY000): Field 'expected' doesn't have a default value
[SQL: INSERT INTO test_case (name, request_type, url, request_method, request_header, body, project_id, tag, status, priority, catalogue, created_at, updated_at, deleted_at, create_user, update_user) VALUES (%(name)s, %(request_type)s, %(url)s, %(request_method)s, %(request_header)s, %(body)s, %(project_id)s, %(tag)s, %(status)s, %(priority)s, %(catalogue)s, %(created_at)s, %(updated_at)s, %(deleted_at)s, %(create_user)s, %(update_user)s)]
[parameters: {'name': '登陆auth/login', 'request_type': 1, 'url': 'http://127.0.0.1:7777/auth/login', 'request_method': 'POST', 'request_header': '{}', 'body': '{\n    "username":"313",\n    "password":"23"\n}', 'project_id': 24, 'tag': '登陆', 'status': 1, 'priority': 'P0', 'catalogue': 'pity', 'created_at': datetime.datetime(2024, 9, 4, 1, 9, 40, 83663), 'updated_at': datetime.datetime(2024, 9, 4, 1, 9, 40, 83670), 'deleted_at': None, 'create_user': 20, 'update_user': 20}]
(Background on this error at: http://sqlalche.me/e/4xp6)
[2024-09-04 01:18:12.340005] ERROR: TestCaseDao: 添加用例失败：Entity '<class 'app.models.test_case.TestCase'>' has no property 'expected'
[2024-11-12 13:17:58.907976] ERROR: TestCaseDao: 添加用例失败：__init__() got an unexpected keyword argument 'expected'
[2024-11-12 13:22:50.141235] ERROR: TestCaseDao: 添加用例失败：__init__() got an unexpected keyword argument 'expected'
[2024-11-12 13:23:56.976841] ERROR: TestCaseDao: 添加用例失败：__init__() got an unexpected keyword argument 'expected'
[2024-11-12 13:25:55.748833] ERROR: TestCaseDao: 添加用例失败：__init__() got an unexpected keyword argument 'expected'
[2024-11-12 13:25:59.380583] ERROR: TestCaseDao: 添加用例失败：__init__() got an unexpected keyword argument 'expected'
[2024-11-12 13:28:00.891274] ERROR: TestCaseDao: 添加用例失败：(mysql.connector.errors.IntegrityError) 1062 (23000): Duplicate entry '测试用例' for key 'test_case.ix_test_case_name'
[SQL: INSERT INTO test_case (name, request_type, url, request_method, request_header, body, project_id, tag, status, priority, catalogue, created_at, updated_at, deleted_at, create_user, update_user) VALUES (%(name)s, %(request_type)s, %(url)s, %(request_method)s, %(request_header)s, %(body)s, %(project_id)s, %(tag)s, %(status)s, %(priority)s, %(catalogue)s, %(created_at)s, %(updated_at)s, %(deleted_at)s, %(create_user)s, %(update_user)s)]
[parameters: {'name': '测试用例', 'request_type': 1, 'url': 'http://www.baidu.com/34', 'request_method': None, 'request_header': None, 'body': None, 'project_id': 1, 'tag': None, 'status': 1, 'priority': 'p0', 'catalogue': '雷公祝我', 'created_at': datetime.datetime(2024, 11, 12, 13, 28, 0, 883234), 'updated_at': datetime.datetime(2024, 11, 12, 13, 28, 0, 883241), 'deleted_at': None, 'create_user': 20, 'update_user': 20}]
(Background on this error at: http://sqlalche.me/e/gkpj)
[2024-11-12 13:28:19.707742] ERROR: TestCaseDao: 添加用例失败：(mysql.connector.errors.IntegrityError) 1062 (23000): Duplicate entry '测试用例' for key 'test_case.ix_test_case_name'
[SQL: INSERT INTO test_case (name, request_type, url, request_method, request_header, body, project_id, tag, status, priority, catalogue, created_at, updated_at, deleted_at, create_user, update_user) VALUES (%(name)s, %(request_type)s, %(url)s, %(request_method)s, %(request_header)s, %(body)s, %(project_id)s, %(tag)s, %(status)s, %(priority)s, %(catalogue)s, %(created_at)s, %(updated_at)s, %(deleted_at)s, %(create_user)s, %(update_user)s)]
[parameters: {'name': '测试用例', 'request_type': 1, 'url': 'http://www.baidu.com/34', 'request_method': None, 'request_header': None, 'body': None, 'project_id': 1, 'tag': None, 'status': 1, 'priority': 'p0', 'catalogue': '雷公祝我3', 'created_at': datetime.datetime(2024, 11, 12, 13, 28, 19, 705628), 'updated_at': datetime.datetime(2024, 11, 12, 13, 28, 19, 705634), 'deleted_at': None, 'create_user': 20, 'update_user': 20}]
(Background on this error at: http://sqlalche.me/e/gkpj)
[2024-11-12 13:34:30.740111] ERROR: TestCaseDao: 添加用例失败：__init__() missing 1 required positional argument: 'expected'
[2024-11-12 13:50:00.328628] ERROR: TestCaseDao: 添加用例失败：(mysql.connector.errors.IntegrityError) 1062 (23000): Duplicate entry '登陆auth/login' for key 'test_case.ix_test_case_name'
[SQL: INSERT INTO test_case (name, request_type, url, request_method, request_header, body, project_id, tag, status, priority, catalogue, created_at, updated_at, deleted_at, create_user, update_user) VALUES (%(name)s, %(request_type)s, %(url)s, %(request_method)s, %(request_header)s, %(body)s, %(project_id)s, %(tag)s, %(status)s, %(priority)s, %(catalogue)s, %(created_at)s, %(updated_at)s, %(deleted_at)s, %(create_user)s, %(update_user)s)]
[parameters: {'name': '登陆auth/login', 'request_type': 1, 'url': 'http://127.0.0.1:7777/auth/login', 'request_method': 'POST', 'request_header': '{\n  "Content-Type": "application/json"\n}', 'body': '"username":"313",\n"password":"223"', 'project_id': 23, 'tag': '登陆', 'status': 3, 'priority': 'P0', 'catalogue': 'pity', 'created_at': datetime.datetime(2024, 11, 12, 13, 50, 0, 326518), 'updated_at': datetime.datetime(2024, 11, 12, 13, 50, 0, 326524), 'deleted_at': None, 'create_user': 20, 'update_user': 20}]
(Background on this error at: http://sqlalche.me/e/gkpj)
[2024-11-14 16:38:54.015292] ERROR: UserDao: 用户3登录失败: Entity namespace for "pity_user" has no property "delattr_at"
[2024-11-14 16:39:21.134609] ERROR: UserDao: 用户1登录失败: Entity namespace for "pity_user" has no property "delattr_at"
[2024-11-14 16:41:48.865328] ERROR: UserDao: 用户1登录失败: Entity namespace for "pity_user" has no property "delattr_at"
[2024-11-14 17:44:44.268400] ERROR: UserDao: 用户1登录失败: Entity namespace for "pity_user" has no property "delattr_at"
[2024-11-14 21:32:22.804497] ERROR: UserDao: 用户1登录失败: Entity namespace for "pity_user" has no property "delattr_at"
[2024-11-14 21:32:22.879922] ERROR: UserDao: 用户1登录失败: Entity namespace for "pity_user" has no property "delattr_at"
[2024-11-14 21:37:40.220413] ERROR: UserDao: 用户1登录失败: Entity namespace for "pity_user" has no property "delattr_at"
[2024-11-14 21:44:59.449147] ERROR: UserDao: 用户1登录失败: Entity namespace for "pity_user" has no property "delattr_at"
[2024-11-14 21:45:12.937104] ERROR: UserDao: 用户1登录失败: Entity namespace for "pity_user" has no property "delattr_at"
[2024-11-14 21:45:23.453260] ERROR: UserDao: 用户1登录失败: Entity namespace for "pity_user" has no property "delattr_at"
[2024-11-14 21:45:23.712475] ERROR: UserDao: 用户1登录失败: Entity namespace for "pity_user" has no property "delattr_at"
[2024-11-14 21:45:40.884756] ERROR: UserDao: 用户1登录失败: Entity namespace for "pity_user" has no property "delattr_at"
[2024-11-14 21:46:17.199275] ERROR: UserDao: 用户1登录失败: Entity namespace for "pity_user" has no property "delattr_at"
[2024-11-14 21:52:27.737201] ERROR: UserDao: 用户1登录失败: Entity namespace for "pity_user" has no property "delattr_at"
[2024-11-14 21:53:37.505414] ERROR: UserDao: 用户1登录失败: Entity namespace for "pity_user" has no property "delattr_at"
[2024-11-16 04:10:33.931766] ERROR: UserDao: 获取用例断言失败: (mysql.connector.errors.ProgrammingError) 1146 (42S02): Table 'pity.pity_testcase_asserts' doesn't exist
[SQL: SELECT pity_testcase_asserts.id AS pity_testcase_asserts_id, pity_testcase_asserts.name AS pity_testcase_asserts_name, pity_testcase_asserts.case_id AS pity_testcase_asserts_case_id, pity_testcase_asserts.assert_type AS pity_testcase_asserts_assert_type, pity_testcase_asserts.expected AS pity_testcase_asserts_expected, pity_testcase_asserts.actually AS pity_testcase_asserts_actually, pity_testcase_asserts.created_at AS pity_testcase_asserts_created_at, pity_testcase_asserts.updated_at AS pity_testcase_asserts_updated_at, pity_testcase_asserts.deleted_at AS pity_testcase_asserts_deleted_at, pity_testcase_asserts.create_user AS pity_testcase_asserts_create_user, pity_testcase_asserts.update_user AS pity_testcase_asserts_update_user 
FROM pity_testcase_asserts 
WHERE pity_testcase_asserts.case_id = %(case_id_1)s AND pity_testcase_asserts.deleted_at IS NULL ORDER BY pity_testcase_asserts.name ASC]
[parameters: {'case_id_1': 1}]
(Background on this error at: http://sqlalche.me/e/14/f405)
[2024-11-16 04:10:33.937686] ERROR: UserDao: 获取测试用例失败: exceptions must derive from BaseException
[2024-11-16 04:10:52.432174] ERROR: UserDao: 获取用例断言失败: (mysql.connector.errors.ProgrammingError) 1146 (42S02): Table 'pity.pity_testcase_asserts' doesn't exist
[SQL: SELECT pity_testcase_asserts.id AS pity_testcase_asserts_id, pity_testcase_asserts.name AS pity_testcase_asserts_name, pity_testcase_asserts.case_id AS pity_testcase_asserts_case_id, pity_testcase_asserts.assert_type AS pity_testcase_asserts_assert_type, pity_testcase_asserts.expected AS pity_testcase_asserts_expected, pity_testcase_asserts.actually AS pity_testcase_asserts_actually, pity_testcase_asserts.created_at AS pity_testcase_asserts_created_at, pity_testcase_asserts.updated_at AS pity_testcase_asserts_updated_at, pity_testcase_asserts.deleted_at AS pity_testcase_asserts_deleted_at, pity_testcase_asserts.create_user AS pity_testcase_asserts_create_user, pity_testcase_asserts.update_user AS pity_testcase_asserts_update_user 
FROM pity_testcase_asserts 
WHERE pity_testcase_asserts.case_id = %(case_id_1)s AND pity_testcase_asserts.deleted_at IS NULL ORDER BY pity_testcase_asserts.name ASC]
[parameters: {'case_id_1': 1}]
(Background on this error at: http://sqlalche.me/e/14/f405)
[2024-11-16 04:10:52.434070] ERROR: UserDao: 获取测试用例失败: exceptions must derive from BaseException
[2024-11-16 04:11:04.340385] ERROR: UserDao: 获取用例断言失败: (mysql.connector.errors.ProgrammingError) 1146 (42S02): Table 'pity.pity_testcase_asserts' doesn't exist
[SQL: SELECT pity_testcase_asserts.id AS pity_testcase_asserts_id, pity_testcase_asserts.name AS pity_testcase_asserts_name, pity_testcase_asserts.case_id AS pity_testcase_asserts_case_id, pity_testcase_asserts.assert_type AS pity_testcase_asserts_assert_type, pity_testcase_asserts.expected AS pity_testcase_asserts_expected, pity_testcase_asserts.actually AS pity_testcase_asserts_actually, pity_testcase_asserts.created_at AS pity_testcase_asserts_created_at, pity_testcase_asserts.updated_at AS pity_testcase_asserts_updated_at, pity_testcase_asserts.deleted_at AS pity_testcase_asserts_deleted_at, pity_testcase_asserts.create_user AS pity_testcase_asserts_create_user, pity_testcase_asserts.update_user AS pity_testcase_asserts_update_user 
FROM pity_testcase_asserts 
WHERE pity_testcase_asserts.case_id = %(case_id_1)s AND pity_testcase_asserts.deleted_at IS NULL ORDER BY pity_testcase_asserts.name ASC]
[parameters: {'case_id_1': 1}]
(Background on this error at: http://sqlalche.me/e/14/f405)
[2024-11-16 04:11:04.340850] ERROR: UserDao: 获取测试用例失败: exceptions must derive from BaseException
[2024-11-16 04:11:32.632854] ERROR: UserDao: 获取用例断言失败: (mysql.connector.errors.ProgrammingError) 1146 (42S02): Table 'pity.pity_testcase_asserts' doesn't exist
[SQL: SELECT pity_testcase_asserts.id AS pity_testcase_asserts_id, pity_testcase_asserts.name AS pity_testcase_asserts_name, pity_testcase_asserts.case_id AS pity_testcase_asserts_case_id, pity_testcase_asserts.assert_type AS pity_testcase_asserts_assert_type, pity_testcase_asserts.expected AS pity_testcase_asserts_expected, pity_testcase_asserts.actually AS pity_testcase_asserts_actually, pity_testcase_asserts.created_at AS pity_testcase_asserts_created_at, pity_testcase_asserts.updated_at AS pity_testcase_asserts_updated_at, pity_testcase_asserts.deleted_at AS pity_testcase_asserts_deleted_at, pity_testcase_asserts.create_user AS pity_testcase_asserts_create_user, pity_testcase_asserts.update_user AS pity_testcase_asserts_update_user 
FROM pity_testcase_asserts 
WHERE pity_testcase_asserts.case_id = %(case_id_1)s AND pity_testcase_asserts.deleted_at IS NULL ORDER BY pity_testcase_asserts.name ASC]
[parameters: {'case_id_1': 1}]
(Background on this error at: http://sqlalche.me/e/14/f405)
[2024-11-16 04:11:32.633552] ERROR: UserDao: 获取测试用例失败: exceptions must derive from BaseException
[2024-11-16 04:12:16.169897] ERROR: UserDao: 获取测试用例失败: get_case_children_length() takes 1 positional argument but 2 were given
[2024-11-16 04:12:33.198227] ERROR: UserDao: 获取用例断言失败: (mysql.connector.errors.ProgrammingError) 1146 (42S02): Table 'pity.pity_testcase_asserts' doesn't exist
[SQL: SELECT pity_testcase_asserts.id AS pity_testcase_asserts_id, pity_testcase_asserts.name AS pity_testcase_asserts_name, pity_testcase_asserts.case_id AS pity_testcase_asserts_case_id, pity_testcase_asserts.assert_type AS pity_testcase_asserts_assert_type, pity_testcase_asserts.expected AS pity_testcase_asserts_expected, pity_testcase_asserts.actually AS pity_testcase_asserts_actually, pity_testcase_asserts.created_at AS pity_testcase_asserts_created_at, pity_testcase_asserts.updated_at AS pity_testcase_asserts_updated_at, pity_testcase_asserts.deleted_at AS pity_testcase_asserts_deleted_at, pity_testcase_asserts.create_user AS pity_testcase_asserts_create_user, pity_testcase_asserts.update_user AS pity_testcase_asserts_update_user 
FROM pity_testcase_asserts 
WHERE pity_testcase_asserts.case_id = %(case_id_1)s AND pity_testcase_asserts.deleted_at IS NULL ORDER BY pity_testcase_asserts.name ASC]
[parameters: {'case_id_1': 1}]
(Background on this error at: http://sqlalche.me/e/14/f405)
[2024-11-16 04:12:33.199217] ERROR: UserDao: 获取测试用例失败: exceptions must derive from BaseException
[2024-11-16 04:13:31.751006] ERROR: UserDao: 获取用例断言失败: (mysql.connector.errors.ProgrammingError) 1146 (42S02): Table 'pity.pity_testcase_asserts' doesn't exist
[SQL: SELECT pity_testcase_asserts.id AS pity_testcase_asserts_id, pity_testcase_asserts.name AS pity_testcase_asserts_name, pity_testcase_asserts.case_id AS pity_testcase_asserts_case_id, pity_testcase_asserts.assert_type AS pity_testcase_asserts_assert_type, pity_testcase_asserts.expected AS pity_testcase_asserts_expected, pity_testcase_asserts.actually AS pity_testcase_asserts_actually, pity_testcase_asserts.created_at AS pity_testcase_asserts_created_at, pity_testcase_asserts.updated_at AS pity_testcase_asserts_updated_at, pity_testcase_asserts.deleted_at AS pity_testcase_asserts_deleted_at, pity_testcase_asserts.create_user AS pity_testcase_asserts_create_user, pity_testcase_asserts.update_user AS pity_testcase_asserts_update_user 
FROM pity_testcase_asserts 
WHERE pity_testcase_asserts.case_id = %(case_id_1)s AND pity_testcase_asserts.deleted_at IS NULL ORDER BY pity_testcase_asserts.name ASC]
[parameters: {'case_id_1': 1}]
(Background on this error at: http://sqlalche.me/e/14/f405)
[2024-11-16 04:13:31.751992] ERROR: UserDao: 获取测试用例失败: exceptions must derive from BaseException
[2024-11-19 22:33:36.885850] ERROR: UserDao: 新增环境: fat失败, Entity namespace for "pity_environment" has no property "delete_at"
[2024-11-19 22:34:22.535712] ERROR: UserDao: 新增环境: fat失败, Entity namespace for "pity_environment" has no property "delete_at"
[2024-11-19 22:34:57.739452] ERROR: UserDao: 新增环境: fat失败, Entity namespace for "pity_environment" has no property "delete_at"
[2024-11-19 22:35:32.045980] ERROR: UserDao: 新增环境: fat失败, Python type EnvironmentForm cannot be converted
[2024-11-19 22:39:10.279414] ERROR: UserDao: 新增环境: fat失败, Python type EnvironmentForm cannot be converted
[2024-11-19 22:39:45.056700] ERROR: UserDao: 新增环境: 2失败, Python type EnvironmentForm cannot be converted
[2024-11-20 12:00:49.096688] ERROR: UserDao: 新增环境: fat失败, (mysql.connector.errors.IntegrityError) 1062 (23000): Duplicate entry 'fat' for key 'pity_environment.name'
[SQL: INSERT INTO pity_environment (id, name, created_at, updated_at, deleted_at, create_user, update_user, remarks) VALUES (%(id)s, %(name)s, %(created_at)s, %(updated_at)s, %(deleted_at)s, %(create_user)s, %(update_user)s, %(remarks)s)]
[parameters: {'id': 0, 'name': 'fat', 'created_at': datetime.datetime(2024, 11, 20, 12, 0, 49, 81897), 'updated_at': datetime.datetime(2024, 11, 20, 12, 0, 49, 81907), 'deleted_at': None, 'create_user': 2, 'update_user': 2, 'remarks': '的'}]
(Background on this error at: http://sqlalche.me/e/14/gkpj)
[2024-11-20 12:00:54.138148] ERROR: UserDao: 新增环境: fat失败, (mysql.connector.errors.IntegrityError) 1062 (23000): Duplicate entry 'fat' for key 'pity_environment.name'
[SQL: INSERT INTO pity_environment (id, name, created_at, updated_at, deleted_at, create_user, update_user, remarks) VALUES (%(id)s, %(name)s, %(created_at)s, %(updated_at)s, %(deleted_at)s, %(create_user)s, %(update_user)s, %(remarks)s)]
[parameters: {'id': 0, 'name': 'fat', 'created_at': datetime.datetime(2024, 11, 20, 12, 0, 54, 136601), 'updated_at': datetime.datetime(2024, 11, 20, 12, 0, 54, 136609), 'deleted_at': None, 'create_user': 2, 'update_user': 2, 'remarks': '的'}]
(Background on this error at: http://sqlalche.me/e/14/gkpj)
[2024-11-21 16:23:44.259038] ERROR: UserDao: 新增变量: 1失败, (mysql.connector.errors.DatabaseError) 1366 (HY000): Incorrect integer value: 'fat' for column 'env' at row 1
[SQL: INSERT INTO pity_gconfig (id, env, `key`, value, key_type, enable, created_at, updated_at, deleted_at, create_user, update_user) VALUES (%(id)s, %(env)s, %(key)s, %(value)s, %(key_type)s, %(enable)s, %(created_at)s, %(updated_at)s, %(deleted_at)s, %(create_user)s, %(update_user)s)]
[parameters: {'id': 0, 'env': 'fat', 'key': '1', 'value': '“俄文”', 'key_type': 0, 'enable': 1, 'created_at': datetime.datetime(2024, 11, 21, 16, 23, 44, 256683), 'updated_at': datetime.datetime(2024, 11, 21, 16, 23, 44, 256691), 'deleted_at': None, 'create_user': 2, 'update_user': 2}]
(Background on this error at: http://sqlalche.me/e/14/4xp6)
[2024-11-21 16:24:24.171190] ERROR: UserDao: 新增变量: 1失败, (mysql.connector.errors.DatabaseError) 1366 (HY000): Incorrect integer value: 'we' for column 'env' at row 1
[SQL: INSERT INTO pity_gconfig (id, env, `key`, value, key_type, enable, created_at, updated_at, deleted_at, create_user, update_user) VALUES (%(id)s, %(env)s, %(key)s, %(value)s, %(key_type)s, %(enable)s, %(created_at)s, %(updated_at)s, %(deleted_at)s, %(create_user)s, %(update_user)s)]
[parameters: {'id': 0, 'env': 'we', 'key': '1', 'value': '“俄文”', 'key_type': 0, 'enable': 1, 'created_at': datetime.datetime(2024, 11, 21, 16, 24, 24, 170188), 'updated_at': datetime.datetime(2024, 11, 21, 16, 24, 24, 170194), 'deleted_at': None, 'create_user': 2, 'update_user': 2}]
(Background on this error at: http://sqlalche.me/e/14/4xp6)
[2024-11-21 16:24:56.906872] ERROR: UserDao: 新增变量: 1失败, (mysql.connector.errors.DatabaseError) 1366 (HY000): Incorrect integer value: '儿童' for column 'env' at row 1
[SQL: INSERT INTO pity_gconfig (id, env, `key`, value, key_type, enable, created_at, updated_at, deleted_at, create_user, update_user) VALUES (%(id)s, %(env)s, %(key)s, %(value)s, %(key_type)s, %(enable)s, %(created_at)s, %(updated_at)s, %(deleted_at)s, %(create_user)s, %(update_user)s)]
[parameters: {'id': 0, 'env': '儿童', 'key': '1', 'value': '“俄文”', 'key_type': 0, 'enable': 1, 'created_at': datetime.datetime(2024, 11, 21, 16, 24, 56, 905618), 'updated_at': datetime.datetime(2024, 11, 21, 16, 24, 56, 905625), 'deleted_at': None, 'create_user': 2, 'update_user': 2}]
(Background on this error at: http://sqlalche.me/e/14/4xp6)
[2024-11-26 17:38:18.799487] ERROR: GConfigParser: 解析data: {'user': {'profile': {'name': 'Alice', 'age': 30, 'contact': {'emails': ['alice@example.com', 'alice.doe@gmail.com'], 'phone': '123-456-7890'}}}} key: user.profile.contact.emails.1 数据失败: 'NoneType' object has no attribute 'get'
[2024-11-26 17:40:17.321041] ERROR: GConfigParser: 解析data: {'user': {'profile': {'name': 'Alice', 'age': 30, 'contact': {'emails': ['alice@example.com', 'alice.doe@gmail.com'], 'phone': '123-456-7890'}}}} key: user.profile.contact.emails.1 数据失败: 'NoneType' object has no attribute 'get'
[2024-11-26 17:41:34.516758] ERROR: GConfigParser: 解析data: {'user': {'profile': {'name': 'Alice', 'age': 30, 'contact': {'emails': ['alice@example.com', 'alice.doe@gmail.com'], 'phone': '123-456-7890'}}}} key: user.profile.contact.emails.1 数据失败: 'NoneType' object has no attribute 'get'
[2024-11-27 00:22:48.931523] ERROR: UserDao: 执行用例失败: 'NoneType' object has no attribute 'encode'
[2024-11-27 00:23:02.385761] ERROR: UserDao: 执行用例失败: 'NoneType' object has no attribute 'encode'
[2024-11-27 00:23:19.993640] ERROR: UserDao: 执行用例失败: 'NoneType' object has no attribute 'encode'
[2024-11-27 00:23:38.428869] ERROR: UserDao: 执行用例失败: 'NoneType' object has no attribute 'encode'
[2024-11-27 00:23:48.732158] ERROR: UserDao: 执行用例失败: 'NoneType' object has no attribute 'encode'
[2024-11-27 00:24:20.080951] ERROR: UserDao: 执行用例失败: 'NoneType' object has no attribute 'encode'
[2024-11-27 00:24:21.350025] ERROR: UserDao: 执行用例失败: 'NoneType' object has no attribute 'encode'
[2024-11-27 00:24:22.378761] ERROR: UserDao: 执行用例失败: 'NoneType' object has no attribute 'encode'
[2024-11-27 00:26:22.701555] ERROR: UserDao: 执行用例失败: 'NoneType' object has no attribute 'encode'
[2024-11-27 00:26:24.434345] ERROR: UserDao: 执行用例失败: 'NoneType' object has no attribute 'encode'
[2024-11-27 00:27:12.127013] ERROR: UserDao: 执行用例失败: 'NoneType' object has no attribute 'encode'
[2024-11-27 00:32:09.506576] ERROR: UserDao: 执行用例失败: 'NoneType' object has no attribute 'encode'
[2024-11-27 00:34:04.909588] ERROR: UserDao: 执行用例失败: 'NoneType' object has no attribute 'encode'
[2024-11-27 00:34:39.993889] ERROR: UserDao: 执行用例失败: 'NoneType' object has no attribute 'encode'
[2024-11-27 00:43:49.929586] ERROR: UserDao: 执行用例失败: 'NoneType' object has no attribute 'encode'
[2024-11-27 00:55:17.283801] ERROR: UserDao: 执行用例失败: 'NoneType' object has no attribute 'encode'
[2024-11-27 00:58:41.887211] ERROR: UserDao: 执行用例失败: 'NoneType' object has no attribute 'encode'
[2024-11-27 01:02:01.692638] ERROR: UserDao: 执行用例失败: 'NoneType' object has no attribute 'encode'
[2024-11-27 01:07:03.888436] ERROR: UserDao: 执行用例失败: 'NoneType' object has no attribute 'encode'
[2024-11-28 11:48:25.578562] ERROR: UserDao: 执行用例失败: 'NoneType' object is not callable
[2024-11-28 11:48:28.157406] ERROR: UserDao: 执行用例失败: 'NoneType' object is not callable
[2024-11-28 12:00:25.705734] ERROR: UserDao: 执行用例失败: 'NoneType' object is not callable
[2024-11-28 12:01:03.768850] ERROR: UserDao: 执行用例失败: 'NoneType' object is not callable
[2024-11-28 12:01:51.521420] ERROR: UserDao: 执行用例失败: 'NoneType' object is not callable
[2024-11-28 12:01:54.603630] ERROR: UserDao: 执行用例失败: 'NoneType' object is not callable
[2024-11-28 12:02:11.154571] ERROR: UserDao: 执行用例失败: 'NoneType' object is not callable
[2024-11-28 12:02:11.722447] ERROR: UserDao: 执行用例失败: 'NoneType' object is not callable
[2024-11-28 12:02:44.362314] ERROR: UserDao: 执行用例失败: 'NoneType' object is not callable
[2024-11-28 12:02:46.574240] ERROR: UserDao: 执行用例失败: 'NoneType' object is not callable
[2024-11-28 12:02:47.439042] ERROR: UserDao: 执行用例失败: 'NoneType' object is not callable
[2024-11-28 12:02:47.691505] ERROR: UserDao: 执行用例失败: 'NoneType' object is not callable
[2024-11-28 12:05:39.115081] ERROR: UserDao: 执行用例失败: 'NoneType' object is not callable
[2024-11-28 12:05:40.246901] ERROR: UserDao: 执行用例失败: 'NoneType' object is not callable
[2024-11-28 12:05:40.530357] ERROR: UserDao: 执行用例失败: 'NoneType' object is not callable
[2024-11-28 12:05:40.879037] ERROR: UserDao: 执行用例失败: 'NoneType' object is not callable
[2024-11-28 12:05:41.182259] ERROR: UserDao: 执行用例失败: 'NoneType' object is not callable
[2024-11-28 12:05:41.463334] ERROR: UserDao: 执行用例失败: 'NoneType' object is not callable
[2024-11-28 12:07:23.244939] ERROR: UserDao: 执行用例失败: 'NoneType' object is not callable
[2024-11-28 12:07:32.413255] ERROR: UserDao: 执行用例失败: 'NoneType' object is not callable
[2024-11-28 13:02:05.318138] ERROR: UserDao: 执行用例失败: 'NoneType' object is not callable
[2024-11-28 13:02:19.919973] ERROR: UserDao: 执行用例失败: 'NoneType' object is not callable
[2024-11-28 13:02:25.922927] ERROR: UserDao: 执行用例失败: 'NoneType' object is not callable
[2024-11-28 13:02:57.352647] ERROR: UserDao: 执行用例失败: 'NoneType' object is not callable
[2024-11-28 13:50:55.926715] ERROR: UserDao: 执行用例失败: 'NoneType' object is not callable
[2024-11-28 14:21:57.816381] ERROR: UserDao: 执行用例失败: 'NoneType' object is not callable
[2024-11-28 15:52:47.981422] ERROR: UserDao: 执行用例失败: 'NoneType' object is not callable
[2024-11-28 15:54:27.316023] ERROR: UserDao: 执行用例失败: 'NoneType' object is not callable
[2024-11-28 17:50:49.985170] ERROR: UserDao: 执行用例失败: 'NoneType' object is not callable
[2024-11-28 17:51:34.819584] ERROR: UserDao: 执行用例失败: 'NoneType' object is not callable
[2024-11-28 17:51:55.042101] ERROR: UserDao: 执行用例失败: 'NoneType' object is not callable
[2024-11-28 22:43:01.614376] ERROR: UserDao: 执行用例失败: 'NoneType' object is not callable
[2024-11-28 22:43:21.633303] ERROR: UserDao: 执行用例失败: 'NoneType' object is not callable
[2024-11-28 22:45:54.965798] ERROR: UserDao: 执行用例失败: 'NoneType' object is not callable
[2024-11-28 22:54:26.918604] ERROR: UserDao: 执行用例失败: 'NoneType' object is not callable
[2024-11-28 23:15:18.194324] ERROR: UserDao: 执行用例失败: 'NoneType' object is not callable
[2024-11-29 00:07:40.468546] ERROR: UserDao: 获取用户列表失败: (mysql.connector.errors.ProgrammingError) 1054 (42S22): Unknown column 'pity_user.avatar' in 'field list'
[SQL: SELECT pity_user.id AS pity_user_id, pity_user.username AS pity_user_username, pity_user.name AS pity_user_name, pity_user.password AS pity_user_password, pity_user.email AS pity_user_email, pity_user.`role` AS pity_user_role, pity_user.created_at AS pity_user_created_at, pity_user.updated_at AS pity_user_updated_at, pity_user.deleted_at AS pity_user_deleted_at, pity_user.last_login_at AS pity_user_last_login_at, pity_user.avatar AS pity_user_avatar 
FROM pity_user 
WHERE pity_user.deleted_at IS NULL]
(Background on this error at: http://sqlalche.me/e/14/f405)
[2024-11-29 00:07:58.789337] ERROR: UserDao: 获取用户列表失败: (mysql.connector.errors.ProgrammingError) 1054 (42S22): Unknown column 'pity_user.avatar' in 'field list'
[SQL: SELECT pity_user.id AS pity_user_id, pity_user.username AS pity_user_username, pity_user.name AS pity_user_name, pity_user.password AS pity_user_password, pity_user.email AS pity_user_email, pity_user.`role` AS pity_user_role, pity_user.created_at AS pity_user_created_at, pity_user.updated_at AS pity_user_updated_at, pity_user.deleted_at AS pity_user_deleted_at, pity_user.last_login_at AS pity_user_last_login_at, pity_user.avatar AS pity_user_avatar 
FROM pity_user 
WHERE pity_user.deleted_at IS NULL]
(Background on this error at: http://sqlalche.me/e/14/f405)
[2024-11-29 00:08:27.869492] ERROR: UserDao: 用户2登录失败: (mysql.connector.errors.ProgrammingError) 1054 (42S22): Unknown column 'pity_user.avatar' in 'field list'
[SQL: SELECT pity_user.id AS pity_user_id, pity_user.username AS pity_user_username, pity_user.name AS pity_user_name, pity_user.password AS pity_user_password, pity_user.email AS pity_user_email, pity_user.`role` AS pity_user_role, pity_user.created_at AS pity_user_created_at, pity_user.updated_at AS pity_user_updated_at, pity_user.deleted_at AS pity_user_deleted_at, pity_user.last_login_at AS pity_user_last_login_at, pity_user.avatar AS pity_user_avatar 
FROM pity_user 
WHERE pity_user.username = %(username_1)s AND pity_user.password = %(password_1)s AND pity_user.deleted_at IS NULL 
 LIMIT %(param_1)s]
[parameters: {'username_1': '2', 'password_1': '92152227466766749d9d9da31c41ac1c', 'param_1': 1}]
(Background on this error at: http://sqlalche.me/e/14/f405)
[2024-11-29 00:08:32.703757] ERROR: UserDao: 用户2登录失败: (mysql.connector.errors.ProgrammingError) 1054 (42S22): Unknown column 'pity_user.avatar' in 'field list'
[SQL: SELECT pity_user.id AS pity_user_id, pity_user.username AS pity_user_username, pity_user.name AS pity_user_name, pity_user.password AS pity_user_password, pity_user.email AS pity_user_email, pity_user.`role` AS pity_user_role, pity_user.created_at AS pity_user_created_at, pity_user.updated_at AS pity_user_updated_at, pity_user.deleted_at AS pity_user_deleted_at, pity_user.last_login_at AS pity_user_last_login_at, pity_user.avatar AS pity_user_avatar 
FROM pity_user 
WHERE pity_user.username = %(username_1)s AND pity_user.password = %(password_1)s AND pity_user.deleted_at IS NULL 
 LIMIT %(param_1)s]
[parameters: {'username_1': '2', 'password_1': '92152227466766749d9d9da31c41ac1c', 'param_1': 1}]
(Background on this error at: http://sqlalche.me/e/14/f405)
[2024-11-29 00:08:37.001957] ERROR: UserDao: 用户2登录失败: (mysql.connector.errors.ProgrammingError) 1054 (42S22): Unknown column 'pity_user.avatar' in 'field list'
[SQL: SELECT pity_user.id AS pity_user_id, pity_user.username AS pity_user_username, pity_user.name AS pity_user_name, pity_user.password AS pity_user_password, pity_user.email AS pity_user_email, pity_user.`role` AS pity_user_role, pity_user.created_at AS pity_user_created_at, pity_user.updated_at AS pity_user_updated_at, pity_user.deleted_at AS pity_user_deleted_at, pity_user.last_login_at AS pity_user_last_login_at, pity_user.avatar AS pity_user_avatar 
FROM pity_user 
WHERE pity_user.username = %(username_1)s AND pity_user.password = %(password_1)s AND pity_user.deleted_at IS NULL 
 LIMIT %(param_1)s]
[parameters: {'username_1': '2', 'password_1': '92152227466766749d9d9da31c41ac1c', 'param_1': 1}]
(Background on this error at: http://sqlalche.me/e/14/f405)
[2024-11-29 11:35:43.921549] ERROR: UserDao: 用户2登录失败: (mysql.connector.errors.ProgrammingError) 1054 (42S22): Unknown column 'pity_user.avatar' in 'field list'
[SQL: SELECT pity_user.id AS pity_user_id, pity_user.username AS pity_user_username, pity_user.name AS pity_user_name, pity_user.password AS pity_user_password, pity_user.email AS pity_user_email, pity_user.`role` AS pity_user_role, pity_user.created_at AS pity_user_created_at, pity_user.updated_at AS pity_user_updated_at, pity_user.deleted_at AS pity_user_deleted_at, pity_user.last_login_at AS pity_user_last_login_at, pity_user.avatar AS pity_user_avatar 
FROM pity_user 
WHERE pity_user.username = %(username_1)s AND pity_user.password = %(password_1)s AND pity_user.deleted_at IS NULL 
 LIMIT %(param_1)s]
[parameters: {'username_1': '2', 'password_1': '92152227466766749d9d9da31c41ac1c', 'param_1': 1}]
(Background on this error at: http://sqlalche.me/e/14/f405)
[2024-11-29 11:35:45.565199] ERROR: UserDao: 用户2登录失败: (mysql.connector.errors.ProgrammingError) 1054 (42S22): Unknown column 'pity_user.avatar' in 'field list'
[SQL: SELECT pity_user.id AS pity_user_id, pity_user.username AS pity_user_username, pity_user.name AS pity_user_name, pity_user.password AS pity_user_password, pity_user.email AS pity_user_email, pity_user.`role` AS pity_user_role, pity_user.created_at AS pity_user_created_at, pity_user.updated_at AS pity_user_updated_at, pity_user.deleted_at AS pity_user_deleted_at, pity_user.last_login_at AS pity_user_last_login_at, pity_user.avatar AS pity_user_avatar 
FROM pity_user 
WHERE pity_user.username = %(username_1)s AND pity_user.password = %(password_1)s AND pity_user.deleted_at IS NULL 
 LIMIT %(param_1)s]
[parameters: {'username_1': '2', 'password_1': '92152227466766749d9d9da31c41ac1c', 'param_1': 1}]
(Background on this error at: http://sqlalche.me/e/14/f405)
[2024-11-29 11:46:11.322171] ERROR: UserDao: 用户2登录失败: (mysql.connector.errors.ProgrammingError) 1054 (42S22): Unknown column 'pity_user.avatar' in 'field list'
[SQL: SELECT pity_user.id AS pity_user_id, pity_user.username AS pity_user_username, pity_user.name AS pity_user_name, pity_user.password AS pity_user_password, pity_user.email AS pity_user_email, pity_user.`role` AS pity_user_role, pity_user.created_at AS pity_user_created_at, pity_user.updated_at AS pity_user_updated_at, pity_user.deleted_at AS pity_user_deleted_at, pity_user.last_login_at AS pity_user_last_login_at, pity_user.avatar AS pity_user_avatar 
FROM pity_user 
WHERE pity_user.username = %(username_1)s AND pity_user.password = %(password_1)s AND pity_user.deleted_at IS NULL 
 LIMIT %(param_1)s]
[parameters: {'username_1': '2', 'password_1': '92152227466766749d9d9da31c41ac1c', 'param_1': 1}]
(Background on this error at: http://sqlalche.me/e/14/f405)
[2024-11-29 13:01:00.470122] ERROR: UserDao: Github用户登录失败: (mysql.connector.errors.ProgrammingError) 1054 (42S22): Unknown column 'pity_user.avatar' in 'field list'
[SQL: SELECT pity_user.id AS pity_user_id, pity_user.username AS pity_user_username, pity_user.name AS pity_user_name, pity_user.password AS pity_user_password, pity_user.email AS pity_user_email, pity_user.`role` AS pity_user_role, pity_user.created_at AS pity_user_created_at, pity_user.updated_at AS pity_user_updated_at, pity_user.deleted_at AS pity_user_deleted_at, pity_user.last_login_at AS pity_user_last_login_at, pity_user.avatar AS pity_user_avatar 
FROM pity_user 
WHERE pity_user.username = %(username_1)s OR pity_user.email = %(email_1)s 
 LIMIT %(param_1)s]
[parameters: {'username_1': 'zhanzhicai2', 'email_1': '1610893869@qq.com', 'param_1': 1}]
(Background on this error at: http://sqlalche.me/e/14/f405)
[2024-11-29 13:01:08.193534] ERROR: UserDao: Github用户登录失败: (mysql.connector.errors.ProgrammingError) 1054 (42S22): Unknown column 'pity_user.avatar' in 'field list'
[SQL: SELECT pity_user.id AS pity_user_id, pity_user.username AS pity_user_username, pity_user.name AS pity_user_name, pity_user.password AS pity_user_password, pity_user.email AS pity_user_email, pity_user.`role` AS pity_user_role, pity_user.created_at AS pity_user_created_at, pity_user.updated_at AS pity_user_updated_at, pity_user.deleted_at AS pity_user_deleted_at, pity_user.last_login_at AS pity_user_last_login_at, pity_user.avatar AS pity_user_avatar 
FROM pity_user 
WHERE pity_user.username = %(username_1)s OR pity_user.email = %(email_1)s 
 LIMIT %(param_1)s]
[parameters: {'username_1': 'zhanzhicai2', 'email_1': '1610893869@qq.com', 'param_1': 1}]
(Background on this error at: http://sqlalche.me/e/14/f405)
[2024-11-29 13:02:23.893648] ERROR: UserDao: 用户注册失败: (mysql.connector.errors.ProgrammingError) 1054 (42S22): Unknown column 'pity_user.avatar' in 'field list'
[SQL: SELECT pity_user.id AS pity_user_id, pity_user.username AS pity_user_username, pity_user.name AS pity_user_name, pity_user.password AS pity_user_password, pity_user.email AS pity_user_email, pity_user.`role` AS pity_user_role, pity_user.created_at AS pity_user_created_at, pity_user.updated_at AS pity_user_updated_at, pity_user.deleted_at AS pity_user_deleted_at, pity_user.last_login_at AS pity_user_last_login_at, pity_user.avatar AS pity_user_avatar 
FROM pity_user 
WHERE pity_user.username = %(username_1)s OR pity_user.email = %(email_1)s]
[parameters: {'username_1': '5', 'email_1': '5@163.com'}]
(Background on this error at: http://sqlalche.me/e/14/f405)
[2024-11-29 13:02:25.868427] ERROR: UserDao: 用户注册失败: (mysql.connector.errors.ProgrammingError) 1054 (42S22): Unknown column 'pity_user.avatar' in 'field list'
[SQL: SELECT pity_user.id AS pity_user_id, pity_user.username AS pity_user_username, pity_user.name AS pity_user_name, pity_user.password AS pity_user_password, pity_user.email AS pity_user_email, pity_user.`role` AS pity_user_role, pity_user.created_at AS pity_user_created_at, pity_user.updated_at AS pity_user_updated_at, pity_user.deleted_at AS pity_user_deleted_at, pity_user.last_login_at AS pity_user_last_login_at, pity_user.avatar AS pity_user_avatar 
FROM pity_user 
WHERE pity_user.username = %(username_1)s OR pity_user.email = %(email_1)s]
[parameters: {'username_1': '5', 'email_1': '5@163.com'}]
(Background on this error at: http://sqlalche.me/e/14/f405)
[2024-11-29 13:02:26.484542] ERROR: UserDao: 用户注册失败: (mysql.connector.errors.ProgrammingError) 1054 (42S22): Unknown column 'pity_user.avatar' in 'field list'
[SQL: SELECT pity_user.id AS pity_user_id, pity_user.username AS pity_user_username, pity_user.name AS pity_user_name, pity_user.password AS pity_user_password, pity_user.email AS pity_user_email, pity_user.`role` AS pity_user_role, pity_user.created_at AS pity_user_created_at, pity_user.updated_at AS pity_user_updated_at, pity_user.deleted_at AS pity_user_deleted_at, pity_user.last_login_at AS pity_user_last_login_at, pity_user.avatar AS pity_user_avatar 
FROM pity_user 
WHERE pity_user.username = %(username_1)s OR pity_user.email = %(email_1)s]
[parameters: {'username_1': '5', 'email_1': '5@163.com'}]
(Background on this error at: http://sqlalche.me/e/14/f405)
[2024-11-29 13:02:40.940158] ERROR: UserDao: 用户注册失败: (mysql.connector.errors.ProgrammingError) 1054 (42S22): Unknown column 'pity_user.avatar' in 'field list'
[SQL: SELECT pity_user.id AS pity_user_id, pity_user.username AS pity_user_username, pity_user.name AS pity_user_name, pity_user.password AS pity_user_password, pity_user.email AS pity_user_email, pity_user.`role` AS pity_user_role, pity_user.created_at AS pity_user_created_at, pity_user.updated_at AS pity_user_updated_at, pity_user.deleted_at AS pity_user_deleted_at, pity_user.last_login_at AS pity_user_last_login_at, pity_user.avatar AS pity_user_avatar 
FROM pity_user 
WHERE pity_user.username = %(username_1)s OR pity_user.email = %(email_1)s]
[parameters: {'username_1': '5', 'email_1': '5@163.com'}]
(Background on this error at: http://sqlalche.me/e/14/f405)
[2024-11-29 13:02:54.444809] ERROR: UserDao: Github用户登录失败: (mysql.connector.errors.ProgrammingError) 1054 (42S22): Unknown column 'pity_user.avatar' in 'field list'
[SQL: SELECT pity_user.id AS pity_user_id, pity_user.username AS pity_user_username, pity_user.name AS pity_user_name, pity_user.password AS pity_user_password, pity_user.email AS pity_user_email, pity_user.`role` AS pity_user_role, pity_user.created_at AS pity_user_created_at, pity_user.updated_at AS pity_user_updated_at, pity_user.deleted_at AS pity_user_deleted_at, pity_user.last_login_at AS pity_user_last_login_at, pity_user.avatar AS pity_user_avatar 
FROM pity_user 
WHERE pity_user.username = %(username_1)s OR pity_user.email = %(email_1)s 
 LIMIT %(param_1)s]
[parameters: {'username_1': 'zhanzhicai2', 'email_1': '1610893869@qq.com', 'param_1': 1}]
(Background on this error at: http://sqlalche.me/e/14/f405)
[2024-11-29 13:02:58.557559] ERROR: UserDao: Github用户登录失败: (mysql.connector.errors.ProgrammingError) 1054 (42S22): Unknown column 'pity_user.avatar' in 'field list'
[SQL: SELECT pity_user.id AS pity_user_id, pity_user.username AS pity_user_username, pity_user.name AS pity_user_name, pity_user.password AS pity_user_password, pity_user.email AS pity_user_email, pity_user.`role` AS pity_user_role, pity_user.created_at AS pity_user_created_at, pity_user.updated_at AS pity_user_updated_at, pity_user.deleted_at AS pity_user_deleted_at, pity_user.last_login_at AS pity_user_last_login_at, pity_user.avatar AS pity_user_avatar 
FROM pity_user 
WHERE pity_user.username = %(username_1)s OR pity_user.email = %(email_1)s 
 LIMIT %(param_1)s]
[parameters: {'username_1': 'zhanzhicai2', 'email_1': '1610893869@qq.com', 'param_1': 1}]
(Background on this error at: http://sqlalche.me/e/14/f405)
[2024-11-29 13:05:24.785496] ERROR: UserDao: 用户2登录失败: (mysql.connector.errors.ProgrammingError) 1054 (42S22): Unknown column 'pity_user.avatar' in 'field list'
[SQL: SELECT pity_user.id AS pity_user_id, pity_user.username AS pity_user_username, pity_user.name AS pity_user_name, pity_user.password AS pity_user_password, pity_user.email AS pity_user_email, pity_user.`role` AS pity_user_role, pity_user.created_at AS pity_user_created_at, pity_user.updated_at AS pity_user_updated_at, pity_user.deleted_at AS pity_user_deleted_at, pity_user.last_login_at AS pity_user_last_login_at, pity_user.avatar AS pity_user_avatar 
FROM pity_user 
WHERE pity_user.username = %(username_1)s AND pity_user.password = %(password_1)s AND pity_user.deleted_at IS NULL 
 LIMIT %(param_1)s]
[parameters: {'username_1': '2', 'password_1': '92152227466766749d9d9da31c41ac1c', 'param_1': 1}]
(Background on this error at: http://sqlalche.me/e/14/f405)
[2024-11-29 13:06:02.101293] ERROR: UserDao: 用户2登录失败: (mysql.connector.errors.ProgrammingError) 1054 (42S22): Unknown column 'pity_user.avatar' in 'field list'
[SQL: SELECT pity_user.id AS pity_user_id, pity_user.username AS pity_user_username, pity_user.name AS pity_user_name, pity_user.password AS pity_user_password, pity_user.email AS pity_user_email, pity_user.`role` AS pity_user_role, pity_user.created_at AS pity_user_created_at, pity_user.updated_at AS pity_user_updated_at, pity_user.deleted_at AS pity_user_deleted_at, pity_user.last_login_at AS pity_user_last_login_at, pity_user.avatar AS pity_user_avatar 
FROM pity_user 
WHERE pity_user.username = %(username_1)s AND pity_user.password = %(password_1)s AND pity_user.deleted_at IS NULL 
 LIMIT %(param_1)s]
[parameters: {'username_1': '2', 'password_1': '92152227466766749d9d9da31c41ac1c', 'param_1': 1}]
(Background on this error at: http://sqlalche.me/e/14/f405)
[2024-11-29 13:44:18.707961] ERROR: UserDao: Github用户登录失败: (mysql.connector.errors.IntegrityError) 1048 (23000): Column 'email' cannot be null
[SQL: INSERT INTO pity_user (username, name, password, email, `role`, created_at, updated_at, deleted_at, last_login_at, avatar) VALUES (%(username)s, %(name)s, %(password)s, %(email)s, %(role)s, %(created_at)s, %(updated_at)s, %(deleted_at)s, %(last_login_at)s, %(avatar)s)]
[parameters: {'username': None, 'name': None, 'password': 'bb79f4ab3de312ca9cc3fb20a3d538ce', 'email': None, 'role': 0, 'created_at': datetime.datetime(2024, 11, 29, 13, 44, 18, 705014), 'updated_at': datetime.datetime(2024, 11, 29, 13, 44, 18, 705029), 'deleted_at': None, 'last_login_at': None, 'avatar': None}]
(Background on this error at: http://sqlalche.me/e/14/gkpj)
[2024-11-29 13:57:16.453470] ERROR: UserDao: 执行用例失败: 'NoneType' object is not callable
[2024-11-29 13:57:22.286539] ERROR: UserDao: 执行用例失败: 'NoneType' object is not callable
[2024-12-05 16:32:39.364519] ERROR: UserDao: 查询报告失败: (pymysql.err.OperationalError) (1054, "Unknown column 'pity_report.executor' in 'field list'")
[SQL: SELECT pity_report.id, pity_report.executor, pity_report.env, pity_report.plan_id, pity_report.start_at, pity_report.finished_at, pity_report.success_count, pity_report.error_count, pity_report.failed_count, pity_report.skipped_count, pity_report.`status`, pity_report.`mode`, pity_report.deleted_at 
FROM pity_report 
WHERE pity_report.id = %s]
[parameters: (1,)]
(Background on this error at: http://sqlalche.me/e/14/e3q8)
[2024-12-05 16:32:52.727718] ERROR: UserDao: 查询报告失败: (pymysql.err.OperationalError) (1054, "Unknown column 'pity_report.executor' in 'field list'")
[SQL: SELECT pity_report.id, pity_report.executor, pity_report.env, pity_report.plan_id, pity_report.start_at, pity_report.finished_at, pity_report.success_count, pity_report.error_count, pity_report.failed_count, pity_report.skipped_count, pity_report.`status`, pity_report.`mode`, pity_report.deleted_at 
FROM pity_report 
WHERE pity_report.id = %s]
[parameters: (1,)]
(Background on this error at: http://sqlalche.me/e/14/e3q8)
[2024-12-05 16:34:32.729640] ERROR: UserDao: 查询报告失败: (pymysql.err.OperationalError) (1054, "Unknown column 'pity_report.executor' in 'field list'")
[SQL: SELECT pity_report.id, pity_report.executor, pity_report.env, pity_report.plan_id, pity_report.start_at, pity_report.finished_at, pity_report.success_count, pity_report.error_count, pity_report.failed_count, pity_report.skipped_count, pity_report.`status`, pity_report.`mode`, pity_report.deleted_at 
FROM pity_report 
WHERE pity_report.id = %s]
[parameters: (1,)]
(Background on this error at: http://sqlalche.me/e/14/e3q8)
[2024-12-05 16:47:16.173646] ERROR: UserDao: 查询报告失败: (pymysql.err.OperationalError) (1054, "Unknown column 'pity_report.executor' in 'field list'")
[SQL: SELECT pity_report.id, pity_report.executor, pity_report.env, pity_report.plan_id, pity_report.start_at, pity_report.finished_at, pity_report.success_count, pity_report.error_count, pity_report.failed_count, pity_report.skipped_count, pity_report.`status`, pity_report.`mode`, pity_report.deleted_at 
FROM pity_report 
WHERE pity_report.id = %s]
[parameters: (1,)]
(Background on this error at: http://sqlalche.me/e/14/e3q8)
[2024-12-09 13:31:40.820745] ERROR: UserDao: 查询数据库配置失败, error: 未找到对应的数据库配置
[2024-12-09 13:31:53.368228] ERROR: UserDao: 查询数据库配置失败, error: 未找到对应的数据库配置
[2024-12-09 13:31:58.246773] ERROR: UserDao: 查询数据库配置失败, error: 未找到对应的数据库配置
[2024-12-09 13:33:48.068249] ERROR: UserDao: 查询数据库配置失败, error: 未找到对应的数据库配置
[2024-12-09 13:40:16.278305] ERROR: UserDao: 新增数据库配置: fat失败, __aenter__
[2024-12-09 13:40:20.813952] ERROR: UserDao: 新增数据库配置: fat失败, __aenter__
[2024-12-09 13:40:52.755123] ERROR: UserDao: 新增数据库配置: fat失败, __aenter__
[2024-12-09 13:41:27.349620] ERROR: UserDao: 新增数据库配置: fat失败, __aenter__
[2024-12-09 13:42:04.661123] ERROR: UserDao: 新增数据库配置: fat失败, __aenter__
[2024-12-09 13:46:30.942889] ERROR: UserDao: 新增数据库配置: fat失败, __aenter__
[2024-12-09 13:54:00.872794] ERROR: UserDao: 新增数据库配置: fat失败, __aenter__
[2024-12-09 13:54:02.878153] ERROR: UserDao: 新增数据库配置: fat失败, __aenter__
[2024-12-09 13:54:07.934416] ERROR: UserDao: 新增数据库配置: fat失败, __aenter__
[2024-12-09 13:54:16.476103] ERROR: UserDao: 新增数据库配置: fat失败, __aenter__
[2024-12-09 14:04:26.183240] ERROR: UserDao: 新增数据库配置: fat失败, __aenter__
[2024-12-09 14:05:59.003005] ERROR: UserDao: 新增数据库配置: fat失败, __aenter__
[2024-12-13 16:00:48.085120] ERROR: UserDao: 解析JSON全局变量异常: Expecting property name enclosed in double quotes: line 5 column 1 (char 79)
[2024-12-13 16:00:48.102641] ERROR: UserDao: 查询全局变量失败, error: replace() argument 2 must be str, not None
[2024-12-13 16:00:48.102777] ERROR: UserDao: 执行用例失败: replace() argument 2 must be str, not None
[2024-12-13 16:01:06.281285] ERROR: UserDao: 查询全局变量失败, error: expected string or bytes-like object
[2024-12-13 16:01:06.281425] ERROR: UserDao: 执行用例失败: expected string or bytes-like object
[2024-12-17 18:45:05.584377] ERROR: UserDao: 创建目录失败, error: 目录已存在
[2024-12-17 19:06:36.959909] ERROR: UserDao: 创建目录失败, error: 目录已存在
[2024-12-17 19:08:41.867250] ERROR: UserDao: 更新目录失败, error: 目录不存在
[2024-12-17 19:09:42.644884] ERROR: UserDao: 更新目录失败, error: 目录不存在
[2024-12-17 19:14:08.824571] ERROR: UserDao: 更新目录失败, error: 'int' object has no attribute 'id'
[2024-12-17 19:14:19.921703] ERROR: UserDao: 更新目录失败, error: 'int' object has no attribute 'id'
[2024-12-17 19:16:59.889841] ERROR: UserDao: 更新目录失败, error: 'int' object has no attribute 'id'
[2024-12-17 19:17:01.329608] ERROR: UserDao: 更新目录失败, error: 'int' object has no attribute 'id'
[2024-12-17 19:17:02.214315] ERROR: UserDao: 更新目录失败, error: 'int' object has no attribute 'id'
[2024-12-17 19:17:52.288638] ERROR: UserDao: 删除目录失败, error: 目录不存在
[2024-12-20 18:51:44.185559] ERROR: UserDao: 查询全局变量失败, error: expected string or bytes-like object
[2024-12-20 18:51:44.200449] ERROR: UserDao: 执行用例失败: expected string or bytes-like object
[2024-12-20 18:53:54.013097] ERROR: UserDao: 查询全局变量失败, error: expected string or bytes-like object
[2024-12-20 18:53:54.013189] ERROR: UserDao: 执行用例失败: expected string or bytes-like object
[2024-12-20 19:21:02.078339] ERROR: UserDao: 执行用例失败: __init__() got an unexpected keyword argument 'cookies_jar'
[2024-12-24 16:26:34.123819] ERROR: UserDao: 执行用例失败: __init__() got an unexpected keyword argument 'cookies_jar'
[2024-12-24 16:39:23.335861] ERROR: UserDao: 查询全局变量失败, error: expected string or bytes-like object
[2024-12-24 16:39:23.336471] ERROR: UserDao: 执行用例失败: expected string or bytes-like object
[2024-12-25 14:36:31.220599] ERROR: UserDao: 查询全局变量失败, error: expected string or bytes-like object
[2024-12-25 14:36:31.223114] ERROR: UserDao: 执行用例失败: expected string or bytes-like object
[2024-12-25 14:54:52.415075] ERROR: UserDao: 编辑用例失败: __init__() takes 1 positional argument but 4 were given
[2024-12-25 15:00:51.419920] ERROR: UserDao: 新增初始化数据: fat失败, 初始化数据: fat已存在
[2024-12-25 15:01:48.378164] ERROR: UserDao: 新增初始化数据: fat失败, 初始化数据: fat已存在
[2024-12-25 15:01:57.324368] ERROR: UserDao: 新增初始化数据: fat失败, 初始化数据: fat已存在
[2024-12-25 15:58:10.478263] ERROR: UserDao: 执行用例失败: __init__() got an unexpected keyword argument 'cookies_jar'
[2025-01-08 13:51:28.279232] ERROR: UserDao: 新增初始化数据: fat67失败, 初始化数据: fat67已存在
[2025-01-08 14:49:48.859877] ERROR: UserDao: 查询全局变量失败, error: expected string or bytes-like object
[2025-01-08 14:49:48.860837] ERROR: UserDao: 执行用例失败: expected string or bytes-like object
[2025-01-08 14:49:52.649927] ERROR: UserDao: 查询全局变量失败, error: expected string or bytes-like object
[2025-01-08 14:49:52.650031] ERROR: UserDao: 执行用例失败: expected string or bytes-like object
[2025-01-08 14:49:54.001001] ERROR: UserDao: 查询全局变量失败, error: expected string or bytes-like object
[2025-01-08 14:49:54.001116] ERROR: UserDao: 执行用例失败: expected string or bytes-like object
[2025-01-08 15:10:04.024426] ERROR: UserDao: 查询全局变量失败, error: expected string or bytes-like object
[2025-01-08 15:10:04.025516] ERROR: UserDao: 执行用例失败: expected string or bytes-like object
[2025-01-08 23:16:37.227390] ERROR: UserDao: 编辑用例断言失败, error: (pymysql.err.DataError) (1406, "Data too long for column 'assert_type' at row 1")
[SQL: UPDATE pity_testcase_asserts SET name=%s, assert_type=%s, expected=%s, actually=%s, updated_at=%s WHERE pity_testcase_asserts.id = %s]
[parameters: ('1', 'not_equal', '2', '1', datetime.datetime(2025, 1, 8, 23, 16, 37, 211916), 3)]
(Background on this error at: http://sqlalche.me/e/14/9h9h)
[2025-01-08 23:16:39.670122] ERROR: UserDao: 编辑用例断言失败, error: (pymysql.err.DataError) (1406, "Data too long for column 'assert_type' at row 1")
[SQL: UPDATE pity_testcase_asserts SET name=%s, assert_type=%s, expected=%s, actually=%s, updated_at=%s WHERE pity_testcase_asserts.id = %s]
[parameters: ('1', 'not_equal', '2', '1', datetime.datetime(2025, 1, 8, 23, 16, 39, 667589), 3)]
(Background on this error at: http://sqlalche.me/e/14/9h9h)
[2025-01-08 23:39:54.319883] ERROR: UserDao: 查询全局变量失败, error: expected string or bytes-like object
[2025-01-08 23:39:54.320529] ERROR: UserDao: 执行用例失败: expected string or bytes-like object
[2025-01-08 23:42:01.473220] ERROR: UserDao: 查询全局变量失败, error: expected string or bytes-like object
[2025-01-08 23:42:01.473788] ERROR: UserDao: 执行用例失败: expected string or bytes-like object
[2025-01-08 23:42:06.263920] ERROR: UserDao: 查询全局变量失败, error: expected string or bytes-like object
[2025-01-08 23:42:06.264019] ERROR: UserDao: 执行用例失败: expected string or bytes-like object
[2025-01-08 23:44:28.559735] ERROR: UserDao: 查询全局变量失败, error: expected string or bytes-like object
[2025-01-08 23:44:28.560702] ERROR: UserDao: 执行用例失败: expected string or bytes-like object
[2025-01-09 07:14:05.855766] ERROR: UserDao: 查询全局变量失败, error: expected string or bytes-like object
[2025-01-09 07:14:05.873636] ERROR: UserDao: 执行用例失败: expected string or bytes-like object
[2025-01-09 07:14:47.753583] ERROR: UserDao: 查询全局变量失败, error: expected string or bytes-like object
[2025-01-09 07:14:47.753754] ERROR: UserDao: 执行用例失败: expected string or bytes-like object
[2025-01-14 15:27:01.357487] ERROR: UserDao: 新增用例断言失败: app.models.testcase_asserts.TestCaseAsserts() argument after ** must be a mapping, not method
[2025-01-14 15:27:14.886563] ERROR: UserDao: 新增用例断言失败: app.models.testcase_asserts.TestCaseAsserts() argument after ** must be a mapping, not method
[2025-01-14 15:29:06.750521] ERROR: UserDao: 新增用例断言失败: app.models.testcase_asserts.TestCaseAsserts() argument after ** must be a mapping, not method
[2025-01-14 15:29:08.999278] ERROR: UserDao: 新增用例断言失败: app.models.testcase_asserts.TestCaseAsserts() argument after ** must be a mapping, not method
[2025-01-14 15:29:10.128582] ERROR: UserDao: 新增用例断言失败: app.models.testcase_asserts.TestCaseAsserts() argument after ** must be a mapping, not method
[2025-01-14 15:29:13.199157] ERROR: UserDao: 新增用例断言失败: app.models.testcase_asserts.TestCaseAsserts() argument after ** must be a mapping, not method
[2025-01-14 15:29:14.799672] ERROR: UserDao: 新增用例断言失败: app.models.testcase_asserts.TestCaseAsserts() argument after ** must be a mapping, not method
[2025-01-14 15:29:18.263534] ERROR: UserDao: 新增用例断言失败: app.models.testcase_asserts.TestCaseAsserts() argument after ** must be a mapping, not method
[2025-01-14 15:29:19.661367] ERROR: UserDao: 新增用例断言失败: app.models.testcase_asserts.TestCaseAsserts() argument after ** must be a mapping, not method
[2025-01-14 15:30:53.709233] ERROR: UserDao: 查询全局变量失败, error: expected string or bytes-like object
[2025-01-14 15:30:53.709389] ERROR: UserDao: 执行用例失败: expected string or bytes-like object
[2025-01-14 15:30:57.885355] ERROR: UserDao: 查询全局变量失败, error: expected string or bytes-like object
[2025-01-14 15:30:57.885477] ERROR: UserDao: 执行用例失败: expected string or bytes-like object
[2025-01-14 15:31:00.570344] ERROR: UserDao: 查询全局变量失败, error: expected string or bytes-like object
[2025-01-14 15:31:00.570492] ERROR: UserDao: 执行用例失败: expected string or bytes-like object
[2025-01-14 15:37:47.347630] ERROR: UserDao: 查询用例失败: (pymysql.err.OperationalError) (2013, 'Lost connection to MySQL server during query ([Errno 32] Broken pipe)')
(Background on this error at: http://sqlalche.me/e/14/e3q8)
[2025-01-14 15:39:16.095210] ERROR: UserDao: 查询全局变量失败, error: expected string or bytes-like object
[2025-01-14 15:39:16.099824] ERROR: UserDao: 执行用例失败: expected string or bytes-like object
[2025-01-17 16:05:35.117115] ERROR: UserDao: 获取测试用例失败: (pymysql.err.OperationalError) (1054, "Unknown column 'pity_testcase.case_type' in 'field list'")
[SQL: SELECT pity_testcase.id, pity_testcase.name, pity_testcase.request_type, pity_testcase.url, pity_testcase.request_method, pity_testcase.request_headers, pity_testcase.body, pity_testcase.directory_id, pity_testcase.tag, pity_testcase.`status`, pity_testcase.priority, pity_testcase.case_type, pity_testcase.created_at, pity_testcase.updated_at, pity_testcase.deleted_at, pity_testcase.create_user, pity_testcase.update_user 
FROM pity_testcase 
WHERE pity_testcase.deleted_at IS NULL AND pity_testcase.directory_id IN (%s, %s) ORDER BY pity_testcase.name ASC]
[parameters: (8, 10)]
(Background on this error at: http://sqlalche.me/e/14/e3q8)
[2025-01-17 16:05:47.340735] ERROR: UserDao: 获取测试用例失败: (pymysql.err.OperationalError) (1054, "Unknown column 'pity_testcase.case_type' in 'field list'")
[SQL: SELECT pity_testcase.id, pity_testcase.name, pity_testcase.request_type, pity_testcase.url, pity_testcase.request_method, pity_testcase.request_headers, pity_testcase.body, pity_testcase.directory_id, pity_testcase.tag, pity_testcase.`status`, pity_testcase.priority, pity_testcase.case_type, pity_testcase.created_at, pity_testcase.updated_at, pity_testcase.deleted_at, pity_testcase.create_user, pity_testcase.update_user 
FROM pity_testcase 
WHERE pity_testcase.deleted_at IS NULL AND pity_testcase.directory_id IN (%s, %s) ORDER BY pity_testcase.name ASC]
[parameters: (8, 10)]
(Background on this error at: http://sqlalche.me/e/14/e3q8)
[2025-01-17 16:05:47.409501] ERROR: UserDao: 获取测试用例失败: (pymysql.err.OperationalError) (1054, "Unknown column 'pity_testcase.case_type' in 'field list'")
[SQL: SELECT pity_testcase.id, pity_testcase.name, pity_testcase.request_type, pity_testcase.url, pity_testcase.request_method, pity_testcase.request_headers, pity_testcase.body, pity_testcase.directory_id, pity_testcase.tag, pity_testcase.`status`, pity_testcase.priority, pity_testcase.case_type, pity_testcase.created_at, pity_testcase.updated_at, pity_testcase.deleted_at, pity_testcase.create_user, pity_testcase.update_user 
FROM pity_testcase 
WHERE pity_testcase.deleted_at IS NULL AND pity_testcase.directory_id IN (%s, %s) ORDER BY pity_testcase.name ASC]
[parameters: (8, 10)]
(Background on this error at: http://sqlalche.me/e/14/e3q8)
[2025-01-17 16:06:31.404980] ERROR: UserDao: 获取测试用例失败: (pymysql.err.OperationalError) (1054, "Unknown column 'pity_testcase.case_type' in 'field list'")
[SQL: SELECT pity_testcase.id, pity_testcase.name, pity_testcase.request_type, pity_testcase.url, pity_testcase.request_method, pity_testcase.request_headers, pity_testcase.body, pity_testcase.directory_id, pity_testcase.tag, pity_testcase.`status`, pity_testcase.priority, pity_testcase.case_type, pity_testcase.created_at, pity_testcase.updated_at, pity_testcase.deleted_at, pity_testcase.create_user, pity_testcase.update_user 
FROM pity_testcase 
WHERE pity_testcase.deleted_at IS NULL AND pity_testcase.directory_id IN (%s, %s) ORDER BY pity_testcase.name ASC]
[parameters: (8, 10)]
(Background on this error at: http://sqlalche.me/e/14/e3q8)
[2025-01-17 16:08:57.138673] ERROR: UserDao: 获取测试用例失败: (pymysql.err.OperationalError) (1054, "Unknown column 'pity_testcase.case_type' in 'field list'")
[SQL: SELECT pity_testcase.id, pity_testcase.name, pity_testcase.request_type, pity_testcase.url, pity_testcase.request_method, pity_testcase.request_headers, pity_testcase.body, pity_testcase.directory_id, pity_testcase.tag, pity_testcase.`status`, pity_testcase.priority, pity_testcase.case_type, pity_testcase.created_at, pity_testcase.updated_at, pity_testcase.deleted_at, pity_testcase.create_user, pity_testcase.update_user 
FROM pity_testcase 
WHERE pity_testcase.deleted_at IS NULL AND pity_testcase.directory_id IN (%s, %s) ORDER BY pity_testcase.name ASC]
[parameters: (8, 10)]
(Background on this error at: http://sqlalche.me/e/14/e3q8)
[2025-01-18 14:21:48.141701] ERROR: UserDao: 获取测试用例失败: (pymysql.err.OperationalError) (1054, "Unknown column 'pity_testcase.case_type' in 'field list'")
[SQL: SELECT pity_testcase.id, pity_testcase.name, pity_testcase.request_type, pity_testcase.url, pity_testcase.request_method, pity_testcase.request_headers, pity_testcase.body, pity_testcase.directory_id, pity_testcase.tag, pity_testcase.`status`, pity_testcase.priority, pity_testcase.case_type, pity_testcase.created_at, pity_testcase.updated_at, pity_testcase.deleted_at, pity_testcase.create_user, pity_testcase.update_user 
FROM pity_testcase 
WHERE pity_testcase.deleted_at IS NULL AND pity_testcase.directory_id IN (%s, %s) ORDER BY pity_testcase.name ASC]
[parameters: (8, 10)]
(Background on this error at: http://sqlalche.me/e/14/e3q8)
[2025-01-18 14:32:33.183976] ERROR: UserDao: 获取测试用例失败: (pymysql.err.OperationalError) (1054, "Unknown column 'pity_testcase.case_type' in 'field list'")
[SQL: SELECT pity_testcase.id, pity_testcase.name, pity_testcase.request_type, pity_testcase.url, pity_testcase.request_method, pity_testcase.request_headers, pity_testcase.body, pity_testcase.directory_id, pity_testcase.tag, pity_testcase.`status`, pity_testcase.priority, pity_testcase.case_type, pity_testcase.created_at, pity_testcase.updated_at, pity_testcase.deleted_at, pity_testcase.create_user, pity_testcase.update_user 
FROM pity_testcase 
WHERE pity_testcase.deleted_at IS NULL AND pity_testcase.directory_id IN (%s, %s) ORDER BY pity_testcase.name ASC]
[parameters: (8, 10)]
(Background on this error at: http://sqlalche.me/e/14/e3q8)
[2025-01-18 14:38:31.880842] ERROR: UserDao: 获取测试用例失败: (pymysql.err.OperationalError) (1054, "Unknown column 'pity_testcase.case_type' in 'field list'")
[SQL: SELECT pity_testcase.id, pity_testcase.name, pity_testcase.request_type, pity_testcase.url, pity_testcase.request_method, pity_testcase.request_headers, pity_testcase.body, pity_testcase.directory_id, pity_testcase.tag, pity_testcase.`status`, pity_testcase.priority, pity_testcase.case_type, pity_testcase.created_at, pity_testcase.updated_at, pity_testcase.deleted_at, pity_testcase.create_user, pity_testcase.update_user 
FROM pity_testcase 
WHERE pity_testcase.deleted_at IS NULL AND pity_testcase.directory_id IN (%s, %s) ORDER BY pity_testcase.name ASC]
[parameters: (8, 10)]
(Background on this error at: http://sqlalche.me/e/14/e3q8)
[2025-01-18 17:14:23.288684] ERROR: UserDao: 获取测试用例失败: (pymysql.err.OperationalError) (1054, "Unknown column 'pity_testcase.case_type' in 'field list'")
[SQL: SELECT pity_testcase.id, pity_testcase.name, pity_testcase.request_type, pity_testcase.url, pity_testcase.request_method, pity_testcase.request_headers, pity_testcase.body, pity_testcase.directory_id, pity_testcase.tag, pity_testcase.`status`, pity_testcase.priority, pity_testcase.case_type, pity_testcase.created_at, pity_testcase.updated_at, pity_testcase.deleted_at, pity_testcase.create_user, pity_testcase.update_user 
FROM pity_testcase 
WHERE pity_testcase.deleted_at IS NULL AND pity_testcase.directory_id IN (%s, %s) ORDER BY pity_testcase.name ASC]
[parameters: (8, 10)]
(Background on this error at: http://sqlalche.me/e/14/e3q8)
[2025-01-18 17:14:26.991107] ERROR: UserDao: 获取测试用例失败: (pymysql.err.OperationalError) (1054, "Unknown column 'pity_testcase.case_type' in 'field list'")
[SQL: SELECT pity_testcase.id, pity_testcase.name, pity_testcase.request_type, pity_testcase.url, pity_testcase.request_method, pity_testcase.request_headers, pity_testcase.body, pity_testcase.directory_id, pity_testcase.tag, pity_testcase.`status`, pity_testcase.priority, pity_testcase.case_type, pity_testcase.created_at, pity_testcase.updated_at, pity_testcase.deleted_at, pity_testcase.create_user, pity_testcase.update_user 
FROM pity_testcase 
WHERE pity_testcase.deleted_at IS NULL AND pity_testcase.directory_id IN (%s) ORDER BY pity_testcase.name ASC]
[parameters: (9,)]
(Background on this error at: http://sqlalche.me/e/14/e3q8)
[2025-01-18 17:14:40.758647] ERROR: UserDao: 获取测试用例失败: (pymysql.err.OperationalError) (1054, "Unknown column 'pity_testcase.case_type' in 'field list'")
[SQL: SELECT pity_testcase.id, pity_testcase.name, pity_testcase.request_type, pity_testcase.url, pity_testcase.request_method, pity_testcase.request_headers, pity_testcase.body, pity_testcase.directory_id, pity_testcase.tag, pity_testcase.`status`, pity_testcase.priority, pity_testcase.case_type, pity_testcase.created_at, pity_testcase.updated_at, pity_testcase.deleted_at, pity_testcase.create_user, pity_testcase.update_user 
FROM pity_testcase 
WHERE pity_testcase.deleted_at IS NULL AND pity_testcase.directory_id IN (%s) ORDER BY pity_testcase.name ASC]
[parameters: (9,)]
(Background on this error at: http://sqlalche.me/e/14/e3q8)
[2025-01-18 17:14:40.830134] ERROR: UserDao: 获取测试用例失败: (pymysql.err.OperationalError) (1054, "Unknown column 'pity_testcase.case_type' in 'field list'")
[SQL: SELECT pity_testcase.id, pity_testcase.name, pity_testcase.request_type, pity_testcase.url, pity_testcase.request_method, pity_testcase.request_headers, pity_testcase.body, pity_testcase.directory_id, pity_testcase.tag, pity_testcase.`status`, pity_testcase.priority, pity_testcase.case_type, pity_testcase.created_at, pity_testcase.updated_at, pity_testcase.deleted_at, pity_testcase.create_user, pity_testcase.update_user 
FROM pity_testcase 
WHERE pity_testcase.deleted_at IS NULL AND pity_testcase.directory_id IN (%s, %s) ORDER BY pity_testcase.name ASC]
[parameters: (8, 10)]
(Background on this error at: http://sqlalche.me/e/14/e3q8)
[2025-01-19 12:51:13.843372] ERROR: UserDao: 获取测试用例失败: (pymysql.err.OperationalError) (1054, "Unknown column 'pity_testcase.case_type' in 'field list'")
[SQL: SELECT pity_testcase.id, pity_testcase.name, pity_testcase.request_type, pity_testcase.url, pity_testcase.request_method, pity_testcase.request_headers, pity_testcase.body, pity_testcase.directory_id, pity_testcase.tag, pity_testcase.`status`, pity_testcase.priority, pity_testcase.case_type, pity_testcase.created_at, pity_testcase.updated_at, pity_testcase.deleted_at, pity_testcase.create_user, pity_testcase.update_user 
FROM pity_testcase 
WHERE pity_testcase.deleted_at IS NULL AND pity_testcase.directory_id IN (%s, %s) ORDER BY pity_testcase.name ASC]
[parameters: (8, 10)]
(Background on this error at: http://sqlalche.me/e/14/e3q8)
[2025-01-19 12:51:34.331532] ERROR: UserDao: 获取测试用例失败: (pymysql.err.OperationalError) (1054, "Unknown column 'pity_testcase.case_type' in 'field list'")
[SQL: SELECT pity_testcase.id, pity_testcase.name, pity_testcase.request_type, pity_testcase.url, pity_testcase.request_method, pity_testcase.request_headers, pity_testcase.body, pity_testcase.directory_id, pity_testcase.tag, pity_testcase.`status`, pity_testcase.priority, pity_testcase.case_type, pity_testcase.created_at, pity_testcase.updated_at, pity_testcase.deleted_at, pity_testcase.create_user, pity_testcase.update_user 
FROM pity_testcase 
WHERE pity_testcase.deleted_at IS NULL AND pity_testcase.directory_id IN (%s, %s) ORDER BY pity_testcase.name ASC]
[parameters: (8, 10)]
(Background on this error at: http://sqlalche.me/e/14/e3q8)
[2025-01-19 12:51:34.426879] ERROR: UserDao: 获取测试用例失败: (pymysql.err.OperationalError) (1054, "Unknown column 'pity_testcase.case_type' in 'field list'")
[SQL: SELECT pity_testcase.id, pity_testcase.name, pity_testcase.request_type, pity_testcase.url, pity_testcase.request_method, pity_testcase.request_headers, pity_testcase.body, pity_testcase.directory_id, pity_testcase.tag, pity_testcase.`status`, pity_testcase.priority, pity_testcase.case_type, pity_testcase.created_at, pity_testcase.updated_at, pity_testcase.deleted_at, pity_testcase.create_user, pity_testcase.update_user 
FROM pity_testcase 
WHERE pity_testcase.deleted_at IS NULL AND pity_testcase.directory_id IN (%s, %s) ORDER BY pity_testcase.name ASC]
[parameters: (8, 10)]
(Background on this error at: http://sqlalche.me/e/14/e3q8)
[2025-01-19 12:51:47.427819] ERROR: UserDao: 获取测试用例失败: (pymysql.err.OperationalError) (1054, "Unknown column 'pity_testcase.case_type' in 'field list'")
[SQL: SELECT pity_testcase.id, pity_testcase.name, pity_testcase.request_type, pity_testcase.url, pity_testcase.request_method, pity_testcase.request_headers, pity_testcase.body, pity_testcase.directory_id, pity_testcase.tag, pity_testcase.`status`, pity_testcase.priority, pity_testcase.case_type, pity_testcase.created_at, pity_testcase.updated_at, pity_testcase.deleted_at, pity_testcase.create_user, pity_testcase.update_user 
FROM pity_testcase 
WHERE pity_testcase.deleted_at IS NULL AND pity_testcase.directory_id IN (%s, %s) ORDER BY pity_testcase.name ASC]
[parameters: (8, 10)]
(Background on this error at: http://sqlalche.me/e/14/e3q8)
[2025-01-19 13:05:35.646204] ERROR: UserDao: 获取测试用例失败: (pymysql.err.OperationalError) (1054, "Unknown column 'pity_testcase.case_type' in 'field list'")
[SQL: SELECT pity_testcase.id, pity_testcase.name, pity_testcase.request_type, pity_testcase.url, pity_testcase.request_method, pity_testcase.request_headers, pity_testcase.body, pity_testcase.directory_id, pity_testcase.tag, pity_testcase.`status`, pity_testcase.priority, pity_testcase.case_type, pity_testcase.created_at, pity_testcase.updated_at, pity_testcase.deleted_at, pity_testcase.create_user, pity_testcase.update_user 
FROM pity_testcase 
WHERE pity_testcase.deleted_at IS NULL AND pity_testcase.directory_id IN (%s) ORDER BY pity_testcase.name ASC]
[parameters: (9,)]
(Background on this error at: http://sqlalche.me/e/14/e3q8)
[2025-01-19 13:07:44.047110] ERROR: UserDao: 获取测试用例失败: (pymysql.err.OperationalError) (1054, "Unknown column 'pity_testcase.case_type' in 'field list'")
[SQL: SELECT pity_testcase.id, pity_testcase.name, pity_testcase.request_type, pity_testcase.url, pity_testcase.request_method, pity_testcase.request_headers, pity_testcase.body, pity_testcase.directory_id, pity_testcase.tag, pity_testcase.`status`, pity_testcase.priority, pity_testcase.case_type, pity_testcase.created_at, pity_testcase.updated_at, pity_testcase.deleted_at, pity_testcase.create_user, pity_testcase.update_user 
FROM pity_testcase 
WHERE pity_testcase.deleted_at IS NULL AND pity_testcase.directory_id IN (%s) ORDER BY pity_testcase.name ASC]
[parameters: (9,)]
(Background on this error at: http://sqlalche.me/e/14/e3q8)
[2025-01-19 13:07:44.225507] ERROR: UserDao: 获取测试用例失败: (pymysql.err.OperationalError) (1054, "Unknown column 'pity_testcase.case_type' in 'field list'")
[SQL: SELECT pity_testcase.id, pity_testcase.name, pity_testcase.request_type, pity_testcase.url, pity_testcase.request_method, pity_testcase.request_headers, pity_testcase.body, pity_testcase.directory_id, pity_testcase.tag, pity_testcase.`status`, pity_testcase.priority, pity_testcase.case_type, pity_testcase.created_at, pity_testcase.updated_at, pity_testcase.deleted_at, pity_testcase.create_user, pity_testcase.update_user 
FROM pity_testcase 
WHERE pity_testcase.deleted_at IS NULL AND pity_testcase.directory_id IN (%s, %s) ORDER BY pity_testcase.name ASC]
[parameters: (8, 10)]
(Background on this error at: http://sqlalche.me/e/14/e3q8)
[2025-01-19 13:07:57.870263] ERROR: UserDao: 获取测试用例失败: (pymysql.err.OperationalError) (1054, "Unknown column 'pity_testcase.case_type' in 'field list'")
[SQL: SELECT pity_testcase.id, pity_testcase.name, pity_testcase.request_type, pity_testcase.url, pity_testcase.request_method, pity_testcase.request_headers, pity_testcase.body, pity_testcase.directory_id, pity_testcase.tag, pity_testcase.`status`, pity_testcase.priority, pity_testcase.case_type, pity_testcase.created_at, pity_testcase.updated_at, pity_testcase.deleted_at, pity_testcase.create_user, pity_testcase.update_user 
FROM pity_testcase 
WHERE pity_testcase.deleted_at IS NULL AND pity_testcase.directory_id IN (%s) ORDER BY pity_testcase.name ASC]
[parameters: (9,)]
(Background on this error at: http://sqlalche.me/e/14/e3q8)
[2025-03-06 01:44:50.348612] ERROR: UserDao: 查询<class 'app.models.redis_config.PityRedis'>失败, error: type object 'PityRedis' has no attribute 'deteted_at'
[2025-03-06 01:45:17.051318] ERROR: UserDao: 查询<class 'app.models.redis_config.PityRedis'>失败, error: type object 'PityRedis' has no attribute 'deteted_at'
[2025-03-06 01:46:14.327809] ERROR: UserDao: 查询<class 'app.models.redis_config.PityRedis'>失败, error: type object 'PityRedis' has no attribute 'deteted_at'
[2025-03-06 03:21:35.314978] ERROR: UserDao: 查询<class 'app.models.redis_config.PityRedis'>失败, error: type object 'PityRedis' has no attribute 'deteted_at'
[2025-03-06 03:22:41.158843] ERROR: UserDao: 查询<class 'app.models.redis_config.PityRedis'>失败, error: type object 'PityRedis' has no attribute 'deteted_at'
[2025-03-06 03:22:43.657784] ERROR: UserDao: 查询<class 'app.models.redis_config.PityRedis'>失败, error: type object 'PityRedis' has no attribute 'deteted_at'
[2025-03-06 16:11:41.374795] ERROR: UserDao: 查询<class 'app.models.redis_config.PityRedis'>失败, error: type object 'PityRedis' has no attribute 'deteted_at'
[2025-03-06 16:11:53.689291] ERROR: UserDao: 查询<class 'app.models.redis_config.PityRedis'>失败, error: type object 'PityRedis' has no attribute 'deteted_at'
[2025-03-06 16:11:56.433825] ERROR: UserDao: 查询<class 'app.models.redis_config.PityRedis'>失败, error: type object 'PityRedis' has no attribute 'deteted_at'
[2025-03-06 16:12:28.674010] ERROR: UserDao: 查询<class 'app.models.redis_config.PityRedis'>失败, error: type object 'PityRedis' has no attribute 'deteted_at'
[2025-03-06 16:12:30.797761] ERROR: UserDao: 查询<class 'app.models.redis_config.PityRedis'>失败, error: type object 'PityRedis' has no attribute 'deteted_at'
[2025-03-06 16:12:33.025907] ERROR: UserDao: 查询<class 'app.models.redis_config.PityRedis'>失败, error: type object 'PityRedis' has no attribute 'deteted_at'
[2025-03-06 17:35:54.826586] ERROR: UserDao: 查询<class 'app.models.redis_config.PityRedis'>失败, error: type object 'PityRedis' has no attribute 'deteted_at'
[2025-03-06 17:44:35.956267] ERROR: UserDao: 查询<class 'app.models.redis_config.PityRedis'>失败, error: type object 'PityRedis' has no attribute 'deteted_at'
[2025-03-06 17:44:38.700336] ERROR: UserDao: 查询<class 'app.models.redis_config.PityRedis'>失败, error: type object 'PityRedis' has no attribute 'deteted_at'
[2025-03-06 17:44:40.850046] ERROR: UserDao: 查询<class 'app.models.redis_config.PityRedis'>失败, error: type object 'PityRedis' has no attribute 'deteted_at'
[2025-03-06 17:45:52.324859] ERROR: UserDao: 查询<class 'app.models.redis_config.PityRedis'>失败, error: type object 'PityRedis' has no attribute 'deteted_at'
[2025-03-06 17:45:53.493904] ERROR: UserDao: 查询<class 'app.models.redis_config.PityRedis'>失败, error: type object 'PityRedis' has no attribute 'deteted_at'
[2025-03-06 17:45:54.514017] ERROR: UserDao: 查询<class 'app.models.redis_config.PityRedis'>失败, error: type object 'PityRedis' has no attribute 'deteted_at'
[2025-03-06 17:45:55.346934] ERROR: UserDao: 查询<class 'app.models.redis_config.PityRedis'>失败, error: type object 'PityRedis' has no attribute 'deteted_at'
[2025-03-07 19:50:13.310843] ERROR: UserDao: 获取<class 'app.models.redis_config.PityRedis'>列表失败, error: type object 'PityRedis' has no attribute 'deteted_at'
[2025-03-07 19:50:19.428622] ERROR: UserDao: 获取<class 'app.models.redis_config.PityRedis'>列表失败, error: type object 'PityRedis' has no attribute 'deteted_at'
[2025-03-07 19:50:39.013098] ERROR: UserDao: 查询<class 'app.models.redis_config.PityRedis'>失败, error: type object 'PityRedis' has no attribute 'deteted_at'
[2025-03-07 19:53:29.192483] ERROR: UserDao: 查询<class 'app.models.redis_config.PityRedis'>失败, error: type object 'PityRedis' has no attribute 'deteted_at'
[2025-03-07 19:53:30.610007] ERROR: UserDao: 查询<class 'app.models.redis_config.PityRedis'>失败, error: type object 'PityRedis' has no attribute 'deteted_at'
[2025-03-07 19:53:31.547353] ERROR: UserDao: 查询<class 'app.models.redis_config.PityRedis'>失败, error: type object 'PityRedis' has no attribute 'deteted_at'
[2025-03-07 20:37:06.657575] ERROR: UserDao: 查询<class 'app.models.redis_config.PityRedis'>失败, error: type object 'PityRedis' has no attribute 'deteted_at'
[2025-03-07 20:56:18.880932] ERROR: UserDao: 添加<class 'app.models.redis_config.PityRedis'>记录失败, error: object method can't be used in 'await' expression
[2025-03-07 21:01:48.982150] ERROR: UserDao: 添加<class 'app.models.redis_config.PityRedis'>记录失败, error: object method can't be used in 'await' expression
[2025-03-08 23:46:32.360151] ERROR: UserDao: 新增测试数据失败, error: Column expression or FROM clause expected, got <class 'app.dao.test_case.TestcaseDataDao.PityTestcaseDataDao'>.
[2025-03-10 08:27:17.602228] ERROR: UserDao: 新增初始化数据: test3失败, 初始化数据: test3已存在
[2025-03-10 13:10:53.837620] ERROR: UserDao: 新增测试数据失败, error: Column expression or FROM clause expected, got <class 'app.dao.test_case.TestcaseDataDao.PityTestcaseDataDao'>.
[2025-03-10 13:10:58.614379] ERROR: UserDao: 新增测试数据失败, error: Column expression or FROM clause expected, got <class 'app.dao.test_case.TestcaseDataDao.PityTestcaseDataDao'>.
[2025-03-10 13:11:24.169538] ERROR: UserDao: 新增测试数据失败, error: Column expression or FROM clause expected, got <class 'app.dao.test_case.TestcaseDataDao.PityTestcaseDataDao'>.
[2025-03-10 13:11:52.230805] ERROR: UserDao: 新增用例断言失败: app.models.testcase_asserts.TestCaseAsserts() argument after ** must be a mapping, not method
[2025-03-10 16:21:09.601040] ERROR: UserDao: 查询构建记录失败: name 'desc' is not defined
[2025-03-10 16:21:10.561932] ERROR: UserDao: 查询构建记录失败: name 'desc' is not defined
[2025-03-10 16:21:14.322730] ERROR: UserDao: 查询构建记录失败: name 'desc' is not defined
[2025-03-10 16:21:26.986342] ERROR: UserDao: 查询构建记录失败: name 'desc' is not defined
[2025-03-10 22:31:51.094341] ERROR: UserDao: 查询构建记录失败: name 'desc' is not defined
[2025-03-10 22:32:17.935127] ERROR: UserDao: 查询构建记录失败: name 'desc' is not defined
[2025-03-10 23:35:49.728144] ERROR: UserDao: 查询构建记录失败: name 'desc' is not defined
[2025-03-10 23:37:57.362762] ERROR: UserDao: 查询构建记录失败: name 'desc' is not defined
[2025-03-10 23:42:31.009383] ERROR: UserDao: 查询构建记录失败: name 'desc' is not defined
[2025-03-11 05:40:54.610163] ERROR: UserDao: 获取用例目录失败, error: Task <Task pending name='starlette.middleware.base.BaseHTTPMiddleware.__call__.<locals>.call_next.<locals>.coro' coro=<BaseHTTPMiddleware.__call__.<locals>.call_next.<locals>.coro() running at /Users/zhicaizhan/Desktop/py/wuranxu/pity/venv/lib/python3.9/site-packages/starlette/middleware/base.py:149> cb=[TaskGroup._spawn.<locals>.task_done() at /Users/zhicaizhan/Desktop/py/wuranxu/pity/venv/lib/python3.9/site-packages/anyio/_backends/_asyncio.py:785]> got Future <Future pending> attached to a different loop
[2025-03-11 23:56:48.903187] ERROR: UserDao: 新增测试数据失败, error: Column expression or FROM clause expected, got <class 'app.dao.test_case.TestcaseDataDao.PityTestcaseDataDao'>.
[2025-03-11 23:59:40.548232] ERROR: UserDao: 新增测试数据失败, error: Column expression or FROM clause expected, got <class 'app.dao.test_case.TestcaseDataDao.PityTestcaseDataDao'>.
[2025-03-11 23:59:45.125179] ERROR: UserDao: 新增测试数据失败, error: Column expression or FROM clause expected, got <class 'app.dao.test_case.TestcaseDataDao.PityTestcaseDataDao'>.
[2025-03-12 00:01:06.024431] ERROR: UserDao: 新增测试数据失败, error: Column expression or FROM clause expected, got <class 'app.dao.test_case.TestcaseDataDao.PityTestcaseDataDao'>.
[2025-03-12 00:04:20.799688] ERROR: UserDao: 新增测试数据失败, error: Column expression or FROM clause expected, got <class 'app.dao.test_case.TestcaseDataDao.PityTestcaseDataDao'>.
[2025-03-12 00:06:35.698331] ERROR: UserDao: 新增测试数据失败, error: Column expression or FROM clause expected, got <class 'app.dao.test_case.TestcaseDataDao.PityTestcaseDataDao'>.
[2025-03-12 00:08:53.849430] ERROR: UserDao: 新增测试数据失败, error: Column expression or FROM clause expected, got <class 'app.dao.test_case.TestcaseDataDao.PityTestcaseDataDao'>.
[2025-03-12 00:15:19.674186] ERROR: UserDao: 新增测试数据失败, error: Column expression or FROM clause expected, got <class 'app.dao.test_case.TestcaseDataDao.PityTestcaseDataDao'>.
[2025-03-12 00:15:19.773677] ERROR: UserDao: 新增测试数据失败, error: Column expression or FROM clause expected, got <class 'app.dao.test_case.TestcaseDataDao.PityTestcaseDataDao'>.
[2025-03-12 00:15:21.849521] ERROR: UserDao: 新增测试数据失败, error: Column expression or FROM clause expected, got <class 'app.dao.test_case.TestcaseDataDao.PityTestcaseDataDao'>.
[2025-03-12 00:18:35.879802] ERROR: UserDao: 新增测试数据失败, error: Column expression or FROM clause expected, got <class 'app.dao.test_case.TestcaseDataDao.PityTestcaseDataDao'>.
[2025-03-12 00:19:26.660023] ERROR: UserDao: 新增测试数据失败, error: Column expression or FROM clause expected, got <class 'app.dao.test_case.TestcaseDataDao.PityTestcaseDataDao'>.
[2025-03-12 00:21:12.255600] ERROR: UserDao: 新增测试数据失败, error: Column expression or FROM clause expected, got <class 'app.dao.test_case.TestcaseDataDao.PityTestcaseDataDao'>.
[2025-03-12 00:21:51.092634] ERROR: UserDao: 新增测试数据失败, error: Column expression or FROM clause expected, got <class 'app.dao.test_case.TestcaseDataDao.PityTestcaseDataDao'>.
[2025-03-12 00:30:17.026063] ERROR: UserDao: 新增测试数据失败, error: Column expression or FROM clause expected, got <class 'app.dao.test_case.TestcaseDataDao.PityTestcaseDataDao'>.
[2025-03-12 00:39:12.725971] ERROR: UserDao: 新增测试数据失败, error: Column expression or FROM clause expected, got <class 'app.dao.test_case.TestcaseDataDao.PityTestcaseDataDao'>.
[2025-03-26 22:58:50.330373] ERROR: UserDao: 查询用例失败: (pymysql.err.OperationalError) (1054, "Unknown column 'pity_testcase.body_type' in 'field list'")
[SQL: SELECT pity_testcase.id, pity_testcase.name, pity_testcase.request_type, pity_testcase.url, pity_testcase.request_method, pity_testcase.request_headers, pity_testcase.body, pity_testcase.body_type, pity_testcase.directory_id, pity_testcase.tag, pity_testcase.`status`, pity_testcase.priority, pity_testcase.case_type, pity_testcase.created_at, pity_testcase.updated_at, pity_testcase.deleted_at, pity_testcase.create_user, pity_testcase.update_user 
FROM pity_testcase 
WHERE pity_testcase.id = %s AND pity_testcase.deleted_at IS NULL]
[parameters: (8,)]
(Background on this error at: http://sqlalche.me/e/14/e3q8)
[2025-03-26 22:59:10.536544] ERROR: UserDao: 查询用例失败: (pymysql.err.OperationalError) (1054, "Unknown column 'pity_testcase.body_type' in 'field list'")
[SQL: SELECT pity_testcase.id, pity_testcase.name, pity_testcase.request_type, pity_testcase.url, pity_testcase.request_method, pity_testcase.request_headers, pity_testcase.body, pity_testcase.body_type, pity_testcase.directory_id, pity_testcase.tag, pity_testcase.`status`, pity_testcase.priority, pity_testcase.case_type, pity_testcase.created_at, pity_testcase.updated_at, pity_testcase.deleted_at, pity_testcase.create_user, pity_testcase.update_user 
FROM pity_testcase 
WHERE pity_testcase.id = %s AND pity_testcase.deleted_at IS NULL]
[parameters: (8,)]
(Background on this error at: http://sqlalche.me/e/14/e3q8)
[2025-03-31 23:34:15.636019] ERROR: EnvironmentDao: 执行用例失败: __init__() got an unexpected keyword argument 'cookies_jar'
[2025-03-31 23:35:31.079682] ERROR: EnvironmentDao: 执行用例失败: __init__() got an unexpected keyword argument 'cookies_jar'
[2025-03-31 23:37:23.156386] ERROR: EnvironmentDao: 执行用例失败: 主case->test 第1个构造方法执行失败: 执行redis命令出错: Redis配置不存在
[2025-04-01 00:08:48.554150] ERROR: EnvironmentDao: 执行用例失败: 主case->test 第1个构造方法执行失败: 执行redis命令出错: Redis配置不存在
[2025-04-01 00:17:55.958560] ERROR: EnvironmentDao: 执行用例失败: 主case->test 第1个构造方法执行失败: 执行redis命令出错: Redis配置不存在
[2025-04-01 01:57:04.840337] ERROR: EnvironmentDao: 执行用例失败: 主case->test 第1个构造方法执行失败: 执行redis命令出错: Redis配置不存在
[2025-04-01 01:59:21.528034] ERROR: EnvironmentDao: 执行用例失败: 主case->test 第1个构造方法执行失败: 执行redis命令出错: Redis配置不存在
[2025-04-01 01:59:45.867467] ERROR: EnvironmentDao: 执行用例失败: __init__() got an unexpected keyword argument 'cookies_jar'
[2025-04-01 10:01:19.927492] ERROR: EnvironmentDao: 执行用例失败: __init__() got an unexpected keyword argument 'cookies_jar'
[2025-04-01 12:32:27.607677] ERROR: EnvironmentDao: 执行用例失败: __init__() got an unexpected keyword argument 'cookies_jar'
[2025-04-01 12:32:44.481816] ERROR: EnvironmentDao: 执行用例失败: 主case->test 第1个构造方法执行失败: 执行redis命令出错: Redis配置不存在
[2025-04-02 19:17:24.578216] ERROR: EnvironmentDao: 查询用例失败: Task <Task pending name='starlette.middleware.base.BaseHTTPMiddleware.__call__.<locals>.call_next.<locals>.coro' coro=<BaseHTTPMiddleware.__call__.<locals>.call_next.<locals>.coro() running at /Users/zhicaizhan/Desktop/py/wuranxu/pity/venv/lib/python3.9/site-packages/starlette/middleware/base.py:149> cb=[TaskGroup._spawn.<locals>.task_done() at /Users/zhicaizhan/Desktop/py/wuranxu/pity/venv/lib/python3.9/site-packages/anyio/_backends/_asyncio.py:785]> got Future <Future pending> attached to a different loop
[2025-04-03 00:16:37.443417] ERROR: EnvironmentDao: 获取目录详情失败: Task <Task pending name='starlette.middleware.base.BaseHTTPMiddleware.__call__.<locals>.call_next.<locals>.coro' coro=<BaseHTTPMiddleware.__call__.<locals>.call_next.<locals>.coro() running at /Users/zhicaizhan/Desktop/py/wuranxu/pity/venv/lib/python3.9/site-packages/starlette/middleware/base.py:149> cb=[TaskGroup._spawn.<locals>.task_done() at /Users/zhicaizhan/Desktop/py/wuranxu/pity/venv/lib/python3.9/site-packages/anyio/_backends/_asyncio.py:785]> got Future <Future pending> attached to a different loop
[2025-04-15 02:26:56.441112] ERROR: PityOperationDao: 获取<class 'app.models.operation_log.PityOperationLog'>列表失败, error: type object 'PityOperationLog' has no attribute 'deleted_at'
[2025-04-15 02:27:02.164095] ERROR: PityOperationDao: 获取<class 'app.models.operation_log.PityOperationLog'>列表失败, error: type object 'PityOperationLog' has no attribute 'deleted_at'
[2025-04-15 10:20:24.877742] ERROR: PityOperationDao: 获取<class 'app.models.operation_log.PityOperationLog'>列表失败, error: type object 'PityOperationLog' has no attribute 'deleted_at'
[2025-04-15 10:20:31.581084] ERROR: PityOperationDao: 获取<class 'app.models.operation_log.PityOperationLog'>列表失败, error: type object 'PityOperationLog' has no attribute 'deleted_at'
[2025-04-15 15:17:55.645886] ERROR: PityOperationDao: 获取用户列表失败: (mysql.connector.errors.ProgrammingError) 1054 (42S22): Unknown column 'pity_user.update_user' in 'field list'
[SQL: SELECT pity_user.id AS pity_user_id, pity_user.username AS pity_user_username, pity_user.name AS pity_user_name, pity_user.password AS pity_user_password, pity_user.email AS pity_user_email, pity_user.`role` AS pity_user_role, pity_user.created_at AS pity_user_created_at, pity_user.updated_at AS pity_user_updated_at, pity_user.deleted_at AS pity_user_deleted_at, pity_user.update_user AS pity_user_update_user, pity_user.last_login_at AS pity_user_last_login_at, pity_user.avatar AS pity_user_avatar, pity_user.is_valid AS pity_user_is_valid 
FROM pity_user 
WHERE pity_user.deleted_at IS NULL]
(Background on this error at: http://sqlalche.me/e/14/f405)
[2025-04-15 15:28:17.908645] ERROR: PityOperationDao: 获取用户列表失败: (mysql.connector.errors.ProgrammingError) 1054 (42S22): Unknown column 'pity_user.update_user' in 'field list'
[SQL: SELECT pity_user.id AS pity_user_id, pity_user.username AS pity_user_username, pity_user.name AS pity_user_name, pity_user.password AS pity_user_password, pity_user.email AS pity_user_email, pity_user.`role` AS pity_user_role, pity_user.created_at AS pity_user_created_at, pity_user.updated_at AS pity_user_updated_at, pity_user.deleted_at AS pity_user_deleted_at, pity_user.update_user AS pity_user_update_user, pity_user.last_login_at AS pity_user_last_login_at, pity_user.avatar AS pity_user_avatar, pity_user.is_valid AS pity_user_is_valid 
FROM pity_user 
WHERE pity_user.deleted_at IS NULL]
(Background on this error at: http://sqlalche.me/e/14/f405)
[2025-04-15 15:28:21.947094] ERROR: PityOperationDao: 获取用户列表失败: (mysql.connector.errors.ProgrammingError) 1054 (42S22): Unknown column 'pity_user.update_user' in 'field list'
[SQL: SELECT pity_user.id AS pity_user_id, pity_user.username AS pity_user_username, pity_user.name AS pity_user_name, pity_user.password AS pity_user_password, pity_user.email AS pity_user_email, pity_user.`role` AS pity_user_role, pity_user.created_at AS pity_user_created_at, pity_user.updated_at AS pity_user_updated_at, pity_user.deleted_at AS pity_user_deleted_at, pity_user.update_user AS pity_user_update_user, pity_user.last_login_at AS pity_user_last_login_at, pity_user.avatar AS pity_user_avatar, pity_user.is_valid AS pity_user_is_valid 
FROM pity_user 
WHERE pity_user.deleted_at IS NULL]
(Background on this error at: http://sqlalche.me/e/14/f405)
[2025-04-16 10:24:25.961037] ERROR: PityOperationDao: 用户2登录失败: __aenter__
[2025-04-16 10:24:28.485165] ERROR: PityOperationDao: 用户2登录失败: __aenter__
[2025-04-16 12:21:14.982211] ERROR: PityOperationDao: 用户2登录失败: __aenter__
[2025-04-16 23:39:25.673593] ERROR: PityOperationDao: 用户2登录失败: __aenter__
[2025-04-17 00:16:10.266567] ERROR: PityOperationDao: 用户2登录失败: __aenter__
[2025-04-17 08:40:35.046479] ERROR: PityOperationDao: 用户2登录失败: __aenter__
[2025-04-17 08:40:50.894224] ERROR: PityOperationDao: 用户2登录失败: __aenter__
[2025-04-17 08:41:19.426064] ERROR: PityOperationDao: 用户2登录失败: __aenter__
[2025-04-17 08:41:20.378876] ERROR: PityOperationDao: 用户2登录失败: __aenter__
[2025-04-17 08:41:20.662715] ERROR: PityOperationDao: 用户2登录失败: __aenter__
[2025-04-17 08:41:20.912186] ERROR: PityOperationDao: 用户2登录失败: __aenter__
[2025-04-17 08:41:21.142873] ERROR: PityOperationDao: 用户2登录失败: __aenter__
[2025-04-17 08:43:10.078000] ERROR: PityOperationDao: 用户2登录失败: __aenter__
[2025-04-17 08:43:18.296722] ERROR: PityOperationDao: 用户2登录失败: __aenter__
[2025-04-17 08:46:54.728590] ERROR: PityOperationDao: 用户2登录失败: __aenter__
[2025-04-17 09:58:22.806238] ERROR: PityOperationDao: 用户2登录失败: 您的账号已被封禁, 请联系管理员
[2025-04-17 09:59:05.817876] ERROR: PityOperationDao: 用户2登录失败: 您的账号已被封禁, 请联系管理员
[2025-04-17 09:59:15.727742] ERROR: PityOperationDao: 用户2登录失败: 您的账号已被封禁, 请联系管理员
[2025-04-17 09:59:49.216075] ERROR: PityOperationDao: 用户2登录失败: 您的账号已被封禁, 请联系管理员
[2025-04-17 09:59:57.287488] ERROR: PityOperationDao: 用户2登录失败: 您的账号已被封禁, 请联系管理员
[2025-04-17 10:00:03.044390] ERROR: PityOperationDao: 用户3登录失败: 您的账号已被封禁, 请联系管理员
[2025-04-17 10:00:08.144640] ERROR: PityOperationDao: 用户3登录失败: 您的账号已被封禁, 请联系管理员
[2025-04-17 10:00:13.378779] ERROR: PityOperationDao: 用户1登录失败: 您的账号已被封禁, 请联系管理员
[2025-04-17 10:00:30.630906] ERROR: PityOperationDao: 用户4登录失败: 您的账号已被封禁, 请联系管理员
[2025-04-17 10:00:36.129845] ERROR: PityOperationDao: 用户2登录失败: 您的账号已被封禁, 请联系管理员
[2025-04-17 10:05:40.513855] ERROR: PityOperationDao: 获取<class 'app.models.operation_log.PityOperationLog'>列表失败, error: type object 'PityOperationLog' has no attribute 'deleted_at'
[2025-04-17 10:06:06.395392] ERROR: PityOperationDao: 获取<class 'app.models.operation_log.PityOperationLog'>列表失败, error: type object 'PityOperationLog' has no attribute 'deleted_at'
[2025-04-17 10:07:14.278655] ERROR: PityOperationDao: 获取数据库配置详情失败, error: Could not parse rfc1738 URL from string 'mysql+mysql connector://root:root@127.0.0.1:3306/pity'
[2025-04-17 10:07:16.551543] ERROR: PityOperationDao: 获取数据库配置详情失败, error: Could not parse rfc1738 URL from string 'mysql+mysql connector://root:root@127.0.0.1:3306/pity'
[2025-04-17 10:07:20.076946] ERROR: PityOperationDao: 获取数据库配置详情失败, error: Could not parse rfc1738 URL from string 'mysql+mysql connector://root:root@127.0.0.1:3306/pity'
[2025-04-17 10:45:05.404216] ERROR: PityOperationDao: 获取<class 'app.models.operation_log.PityOperationLog'>列表失败, error: type object 'PityOperationLog' has no attribute 'deleted_at'
[2025-04-17 10:45:40.679171] ERROR: PityOperationDao: 获取数据库配置详情失败, error: Could not parse rfc1738 URL from string 'mysql+mysql connector://root:root@127.0.0.1:3306/pity'
[2025-04-17 10:45:43.938629] ERROR: PityOperationDao: 获取数据库配置详情失败, error: Could not parse rfc1738 URL from string 'mysql+mysql connector://root:root@127.0.0.1:3306/pity'
[2025-04-17 10:47:17.879622] ERROR: PityOperationDao: 获取数据库配置详情失败, error: Could not parse rfc1738 URL from string 'mysql+mysql connector://root:root@127.0.0.1:3306/pity'
[2025-04-22 17:04:04.797640] ERROR: PityOperationDao: 获取<class 'app.models.operation_log.PityOperationLog'>列表失败, error: type object 'PityOperationLog' has no attribute 'deleted_at'
[2025-04-22 17:09:32.869183] ERROR: PityOperationDao: 获取<class 'app.models.operation_log.PityOperationLog'>列表失败, error: type object 'PityOperationLog' has no attribute 'deleted_at'
[2025-04-22 17:09:33.339317] ERROR: PityOperationDao: 获取<class 'app.models.operation_log.PityOperationLog'>列表失败, error: type object 'PityOperationLog' has no attribute 'deleted_at'
[2025-04-22 17:11:00.397592] ERROR: PityOperationDao: 获取<class 'app.models.operation_log.PityOperationLog'>列表失败, error: type object 'PityOperationLog' has no attribute 'deleted_at'
[2025-04-22 17:12:35.486958] ERROR: PityOperationDao: 获取<class 'app.models.operation_log.PityOperationLog'>列表失败, error: type object 'PityOperationLog' has no attribute 'deleted_at'
[2025-04-22 17:14:40.480052] ERROR: PityOperationDao: 获取<class 'app.models.operation_log.PityOperationLog'>列表失败, error: type object 'PityOperationLog' has no attribute 'deleted_at'
[2025-04-22 17:15:56.124118] ERROR: PityOperationDao: 获取<class 'app.models.operation_log.PityOperationLog'>列表失败, error: type object 'PityOperationLog' has no attribute 'deleted_at'
[2025-04-22 17:18:09.333481] ERROR: PityOperationDao: 获取<class 'app.models.operation_log.PityOperationLog'>列表失败, error: type object 'PityOperationLog' has no attribute 'deleted_at'
[2025-04-22 17:18:29.789760] ERROR: PityOperationDao: 获取<class 'app.models.operation_log.PityOperationLog'>列表失败, error: type object 'PityOperationLog' has no attribute 'deleted_at'
[2025-04-22 17:18:37.740466] ERROR: PityOperationDao: 获取<class 'app.models.operation_log.PityOperationLog'>列表失败, error: type object 'PityOperationLog' has no attribute 'deleted_at'
[2025-04-22 17:20:12.529616] ERROR: PityOperationDao: 获取<class 'app.models.operation_log.PityOperationLog'>列表失败, error: type object 'PityOperationLog' has no attribute 'deleted_at'
[2025-04-22 17:20:12.540235] ERROR: PityOperationDao: 获取<class 'app.models.operation_log.PityOperationLog'>列表失败, error: type object 'PityOperationLog' has no attribute 'deleted_at'
[2025-04-22 17:20:38.969073] ERROR: PityOperationDao: 获取<class 'app.models.operation_log.PityOperationLog'>列表失败, error: type object 'PityOperationLog' has no attribute 'deleted_at'
[2025-04-22 17:21:00.108332] ERROR: PityOperationDao: 获取<class 'app.models.operation_log.PityOperationLog'>列表失败, error: type object 'PityOperationLog' has no attribute 'deleted_at'
[2025-04-22 17:21:00.124493] ERROR: PityOperationDao: 获取<class 'app.models.operation_log.PityOperationLog'>列表失败, error: type object 'PityOperationLog' has no attribute 'deleted_at'
[2025-04-22 17:41:35.889300] ERROR: PityOperationDao: 获取<class 'app.models.operation_log.PityOperationLog'>列表失败, error: type object 'PityOperationLog' has no attribute 'deleted_at'
[2025-04-22 17:41:36.187723] ERROR: PityOperationDao: 获取<class 'app.models.operation_log.PityOperationLog'>列表失败, error: type object 'PityOperationLog' has no attribute 'deleted_at'
[2025-04-22 23:41:50.366475] ERROR: PityOperationDao: 获取<class 'app.models.operation_log.PityOperationLog'>列表失败, error: type object 'PityOperationLog' has no attribute 'deleted_at'
[2025-04-22 23:42:44.368476] ERROR: PityOperationDao: 获取<class 'app.models.operation_log.PityOperationLog'>列表失败, error: type object 'PityOperationLog' has no attribute 'deleted_at'
[2025-04-22 23:43:57.864012] ERROR: PityOperationDao: 获取<class 'app.models.operation_log.PityOperationLog'>列表失败, error: type object 'PityOperationLog' has no attribute 'deleted_at'
[2025-04-22 23:44:43.202571] ERROR: PityOperationDao: 获取<class 'app.models.operation_log.PityOperationLog'>列表失败, error: type object 'PityOperationLog' has no attribute 'deleted_at'
[2025-04-22 23:45:40.072209] ERROR: PityOperationDao: 获取<class 'app.models.operation_log.PityOperationLog'>列表失败, error: type object 'PityOperationLog' has no attribute 'deleted_at'
[2025-04-23 15:06:08.951064] ERROR: PityOperationDao: 获取<class 'app.models.operation_log.PityOperationLog'>列表失败, error: type object 'PityOperationLog' has no attribute 'deleted_at'
[2025-04-23 15:08:38.802579] ERROR: PityOperationDao: 获取<class 'app.models.operation_log.PityOperationLog'>列表失败, error: type object 'PityOperationLog' has no attribute 'deleted_at'
[2025-04-23 15:08:44.975512] ERROR: PityOperationDao: 获取<class 'app.models.operation_log.PityOperationLog'>列表失败, error: type object 'PityOperationLog' has no attribute 'deleted_at'
[2025-04-23 15:08:58.381011] ERROR: PityOperationDao: 获取<class 'app.models.operation_log.PityOperationLog'>列表失败, error: type object 'PityOperationLog' has no attribute 'deleted_at'
[2025-04-23 15:20:15.396769] ERROR: PityOperationDao: 获取<class 'app.models.operation_log.PityOperationLog'>列表失败, error: type object 'PityOperationLog' has no attribute 'deleted_at'
[2025-04-23 15:26:03.436981] ERROR: PityOperationDao: 获取<class 'app.models.operation_log.PityOperationLog'>列表失败, error: type object 'PityOperationLog' has no attribute 'deleted_at'
[2025-04-23 15:34:05.602747] ERROR: PityOperationDao: 获取<class 'app.models.operation_log.PityOperationLog'>列表失败, error: type object 'PityOperationLog' has no attribute 'deleted_at'
[2025-04-23 15:35:07.452707] ERROR: PityOperationDao: 获取<class 'app.models.operation_log.PityOperationLog'>列表失败, error: type object 'PityOperationLog' has no attribute 'deleted_at'
[2025-04-23 15:37:01.091256] ERROR: PityOperationDao: 获取<class 'app.models.operation_log.PityOperationLog'>列表失败, error: type object 'PityOperationLog' has no attribute 'deleted_at'
[2025-04-23 15:37:10.163644] ERROR: PityOperationDao: 获取<class 'app.models.operation_log.PityOperationLog'>列表失败, error: type object 'PityOperationLog' has no attribute 'deleted_at'
[2025-04-23 15:37:17.284737] ERROR: PityOperationDao: 获取<class 'app.models.operation_log.PityOperationLog'>列表失败, error: type object 'PityOperationLog' has no attribute 'deleted_at'
[2025-04-23 15:37:42.454063] ERROR: PityOperationDao: 获取<class 'app.models.operation_log.PityOperationLog'>列表失败, error: type object 'PityOperationLog' has no attribute 'deleted_at'
[2025-04-23 15:39:21.090301] ERROR: PityOperationDao: 获取<class 'app.models.operation_log.PityOperationLog'>列表失败, error: type object 'PityOperationLog' has no attribute 'deleted_at'
[2025-04-23 16:01:44.479470] ERROR: PityOperationDao: 获取<class 'app.models.operation_log.PityOperationLog'>列表失败, error: type object 'PityOperationLog' has no attribute 'deleted_at'
[2025-04-23 16:25:18.511008] ERROR: PityOperationDao: 获取<class 'app.models.operation_log.PityOperationLog'>列表失败, error: type object 'PityOperationLog' has no attribute 'deleted_at'
[2025-04-23 16:25:28.506124] ERROR: PityOperationDao: 获取<class 'app.models.operation_log.PityOperationLog'>列表失败, error: type object 'PityOperationLog' has no attribute 'deleted_at'
[2025-04-23 16:28:51.961565] ERROR: PityOperationDao: 获取<class 'app.models.operation_log.PityOperationLog'>列表失败, error: type object 'PityOperationLog' has no attribute 'deleted_at'
[2025-04-23 22:51:30.773853] ERROR: PityOperationDao: 获取<class 'app.models.operation_log.PityOperationLog'>列表失败, error: type object 'PityOperationLog' has no attribute 'deleted_at'
[2025-04-23 22:51:44.327034] ERROR: PityOperationDao: 获取<class 'app.models.operation_log.PityOperationLog'>列表失败, error: type object 'PityOperationLog' has no attribute 'deleted_at'
[2025-04-23 23:44:54.746887] ERROR: PityOperationDao: 获取<class 'app.models.operation_log.PityOperationLog'>列表失败, error: type object 'PityOperationLog' has no attribute 'deleted_at'
[2025-04-23 23:50:45.627112] ERROR: PityOperationDao: 获取<class 'app.models.operation_log.PityOperationLog'>列表失败, error: type object 'PityOperationLog' has no attribute 'deleted_at'
[2025-04-23 23:50:52.639055] ERROR: PityOperationDao: 获取<class 'app.models.operation_log.PityOperationLog'>列表失败, error: type object 'PityOperationLog' has no attribute 'deleted_at'
[2025-04-23 23:51:03.268194] ERROR: PityOperationDao: 获取<class 'app.models.operation_log.PityOperationLog'>列表失败, error: type object 'PityOperationLog' has no attribute 'deleted_at'
[2025-04-23 23:52:17.755390] ERROR: PityOperationDao: 获取<class 'app.models.operation_log.PityOperationLog'>列表失败, error: type object 'PityOperationLog' has no attribute 'deleted_at'
[2025-04-23 23:52:17.756782] ERROR: PityOperationDao: 获取<class 'app.models.operation_log.PityOperationLog'>列表失败, error: type object 'PityOperationLog' has no attribute 'deleted_at'
[2025-04-23 23:52:17.780513] ERROR: PityOperationDao: 获取<class 'app.models.operation_log.PityOperationLog'>列表失败, error: type object 'PityOperationLog' has no attribute 'deleted_at'
[2025-04-23 23:52:28.390100] ERROR: PityOperationDao: 获取<class 'app.models.operation_log.PityOperationLog'>列表失败, error: type object 'PityOperationLog' has no attribute 'deleted_at'
[2025-04-23 23:52:38.911654] ERROR: PityOperationDao: 获取<class 'app.models.operation_log.PityOperationLog'>列表失败, error: type object 'PityOperationLog' has no attribute 'deleted_at'
[2025-04-23 23:55:35.616377] ERROR: PityOperationDao: 获取<class 'app.models.operation_log.PityOperationLog'>列表失败, error: type object 'PityOperationLog' has no attribute 'deleted_at'
[2025-04-23 23:55:41.422949] ERROR: PityOperationDao: 获取<class 'app.models.operation_log.PityOperationLog'>列表失败, error: type object 'PityOperationLog' has no attribute 'deleted_at'
[2025-04-23 23:55:41.664975] ERROR: PityOperationDao: 获取<class 'app.models.operation_log.PityOperationLog'>列表失败, error: type object 'PityOperationLog' has no attribute 'deleted_at'
[2025-04-23 23:55:56.325951] ERROR: PityOperationDao: 获取<class 'app.models.operation_log.PityOperationLog'>列表失败, error: type object 'PityOperationLog' has no attribute 'deleted_at'
[2025-04-23 23:56:04.679970] ERROR: PityOperationDao: 获取<class 'app.models.operation_log.PityOperationLog'>列表失败, error: type object 'PityOperationLog' has no attribute 'deleted_at'
[2025-04-23 23:56:05.246667] ERROR: PityOperationDao: 获取<class 'app.models.operation_log.PityOperationLog'>列表失败, error: type object 'PityOperationLog' has no attribute 'deleted_at'
[2025-04-23 23:56:51.130595] ERROR: PityOperationDao: 获取<class 'app.models.operation_log.PityOperationLog'>列表失败, error: type object 'PityOperationLog' has no attribute 'deleted_at'
[2025-04-23 23:57:13.208708] ERROR: PityOperationDao: 获取<class 'app.models.operation_log.PityOperationLog'>列表失败, error: type object 'PityOperationLog' has no attribute 'deleted_at'
[2025-04-23 23:57:13.412193] ERROR: PityOperationDao: 获取<class 'app.models.operation_log.PityOperationLog'>列表失败, error: type object 'PityOperationLog' has no attribute 'deleted_at'
[2025-04-23 23:57:21.177838] ERROR: PityOperationDao: 获取<class 'app.models.operation_log.PityOperationLog'>列表失败, error: type object 'PityOperationLog' has no attribute 'deleted_at'
[2025-04-23 23:57:30.953162] ERROR: PityOperationDao: 获取<class 'app.models.operation_log.PityOperationLog'>列表失败, error: type object 'PityOperationLog' has no attribute 'deleted_at'
[2025-04-23 23:57:32.558495] ERROR: PityOperationDao: 获取<class 'app.models.operation_log.PityOperationLog'>列表失败, error: type object 'PityOperationLog' has no attribute 'deleted_at'
[2025-04-24 00:07:57.724447] ERROR: PityOperationDao: 获取<class 'app.models.operation_log.PityOperationLog'>列表失败, error: type object 'PityOperationLog' has no attribute 'deleted_at'
[2025-04-24 00:14:45.934650] ERROR: PityOperationDao: 获取<class 'app.models.operation_log.PityOperationLog'>列表失败, error: type object 'PityOperationLog' has no attribute 'deleted_at'
[2025-04-24 00:14:54.489050] ERROR: PityOperationDao: 获取<class 'app.models.operation_log.PityOperationLog'>列表失败, error: type object 'PityOperationLog' has no attribute 'deleted_at'
[2025-04-24 00:19:50.448481] ERROR: PityOperationDao: 获取<class 'app.models.operation_log.PityOperationLog'>列表失败, error: type object 'PityOperationLog' has no attribute 'deleted_at'
[2025-04-25 17:22:18.201498] ERROR: PityOperationDao: 获取<class 'app.models.operation_log.PityOperationLog'>列表失败, error: type object 'PityOperationLog' has no attribute 'deleted_at'
[2025-04-25 17:22:26.934340] ERROR: PityOperationDao: 获取<class 'app.models.operation_log.PityOperationLog'>列表失败, error: type object 'PityOperationLog' has no attribute 'deleted_at'
[2025-04-25 17:39:57.782966] ERROR: PityOperationDao: 获取<class 'app.models.operation_log.PityOperationLog'>列表失败, error: type object 'PityOperationLog' has no attribute 'deleted_at'
[2025-05-09 18:03:13.575687] ERROR: PityOperationDao: 用户注册失败: __aenter__
[2025-05-09 19:14:13.000291] ERROR: PityOperationDao: 用户注册失败: __aenter__
[2025-05-09 19:14:15.245547] ERROR: PityOperationDao: 用户注册失败: __aenter__
[2025-05-09 19:14:15.534258] ERROR: PityOperationDao: 用户注册失败: __aenter__
[2025-05-09 19:14:15.765301] ERROR: PityOperationDao: 用户注册失败: __aenter__
[2025-05-09 19:14:15.979077] ERROR: PityOperationDao: 用户注册失败: __aenter__
[2025-05-09 19:14:16.216230] ERROR: PityOperationDao: 用户注册失败: __aenter__
[2025-05-09 19:14:23.962248] ERROR: PityOperationDao: 用户注册失败: __aenter__
[2025-05-09 19:16:08.690966] ERROR: PityOperationDao: 用户注册失败: __aenter__
[2025-05-10 00:22:34.050399] ERROR: PityOperationDao: 获取<class 'app.models.operation_log.PityOperationLog'>列表失败, error: type object 'PityOperationLog' has no attribute 'deleted_at'
[2025-05-10 10:19:50.059438] ERROR: PityOperationDao: 获取<class 'app.models.notification.PityNotification'>列表失败, error: (pymysql.err.OperationalError) (1054, "Unknown column 'pity_notification.msg_title' in 'field list'")
[SQL: SELECT pity_notification.id, pity_notification.created_at, pity_notification.updated_at, pity_notification.deleted_at, pity_notification.create_user, pity_notification.update_user, pity_notification.msg_type, pity_notification.msg_title, pity_notification.msg_content, pity_notification.msg_link, pity_notification.msg_status, pity_notification.sender, pity_notification.receiver 
FROM pity_notification 
WHERE pity_notification.created_at > %s AND pity_notification.msg_status = %s AND pity_notification.receiver = %s AND pity_notification.msg_type = %s]
[parameters: (datetime.datetime(2025, 2, 9, 10, 19, 50, 47220), 1, 2, 2)]
(Background on this error at: http://sqlalche.me/e/14/e3q8)
[2025-05-23 16:58:58.494050] ERROR: PityOperationDao: 查询构建记录失败: Task <Task pending name='starlette.middleware.base.BaseHTTPMiddleware.__call__.<locals>.call_next.<locals>.coro' coro=<BaseHTTPMiddleware.__call__.<locals>.call_next.<locals>.coro() running at /Users/zhicaizhan/Desktop/py/wuranxu/pity/venv/lib/python3.9/site-packages/starlette/middleware/base.py:149> cb=[TaskGroup._spawn.<locals>.task_done() at /Users/zhicaizhan/Desktop/py/wuranxu/pity/venv/lib/python3.9/site-packages/anyio/_backends/_asyncio.py:785]> got Future <Future pending> attached to a different loop
[2025-05-23 17:07:08.805593] ERROR: PityOperationDao: 获取<class 'app.models.operation_log.PityOperationLog'>列表失败, error: type object 'PityOperationLog' has no attribute 'deleted_at'
